"Organization Name","ORG_CITY","ORG_STATE/ORG_COUNTRY","FY12","FY13","Institution type","Organization Name","Direct Cost","Indirect Cost","Funding","Calculated Indirect cost"
"LA JOLLA BIOENGINEERING INSTITUTE","SAN DIEGO","CALIFORNIA","85","100","NP res inst","LA JOLLA BIOENGINEERING INSTITUTE","1063938","650612","1714550","61.2"
"ROSWELL PARK CANCER INSTITUTE CORP","BUFFALO","NEW YORK","99.9","99.9","Hosp","ROSWELL PARK CANCER INSTITUTE CORP","23413008","11013480","34281239","47.0"
"LA JOLLA INFECTIOUS DISEASE INSTITUTE","SAN DIEGO","CALIFORNIA","97","97","NP res inst","LA JOLLA INFECTIOUS DISEASE INSTITUTE","218875","207931","426806","95.0"
"SCHEPENS EYE RESEARCH INSTITUTE","BOSTON","MASSACHUSETTS","97","97","NP res inst","SCHEPENS EYE RESEARCH INSTITUTE","5387474","4515235","9879553","83.8"
"SANFORD-BURNHAM MEDICAL RESEARCH INSTIT","LA JOLLA","CALIFORNIA","94.2","95","NP res inst","SANFORD-BURNHAM MEDICAL RESEARCH INSTIT","30158529","23429736","53588265","77.7"
"WHITEHEAD INSTITUTE FOR BIOMEDICAL RES","CAMBRIDGE","MASSACHUSETTS","95","95","NP res inst","WHITEHEAD INSTITUTE FOR BIOMEDICAL RES","11088431","7901867","18968441","71.3"
"TRUDEAU INSTITUTE, INC.","SARANAC LAKE","NEW YORK","88","95","NP res inst","TRUDEAU INSTITUTE, INC.","499634","309820","809454","62.0"
"SEATTLE CHILDREN'S HOSPITAL","SEATTLE","WASHINGTON","94","95","Hosp","SEATTLE CHILDREN'S HOSPITAL","21625852","9171360","30652212","42.4"
"SALK INSTITUTE FOR BIOLOGICAL STUDIES","LA JOLLA","CALIFORNIA","92","94","NP res inst","SALK INSTITUTE FOR BIOLOGICAL STUDIES","25029864","16097663","41115822","64.3"
"BUCK INSTITUTE FOR RESEARCH ON AGING","NOVATO","CALIFORNIA","94","94","NP res inst","BUCK INSTITUTE FOR RESEARCH ON AGING","6463933","4009710","10473643","62.0"
"HAUPTMAN-WOODWARD MEDICAL RESEARCH INST","BUFFALO","NEW YORK","94","94","NP res inst","HAUPTMAN-WOODWARD MEDICAL RESEARCH INST","1707492","887026","2594518","51.9"
"FORSYTH INSTITUTE","Cambridge","MASSACHUSETTS","99","92","NP res inst","FORSYTH INSTITUTE","6790416","3369558","8752534","49.6"
"ST. JOSEPH'S HOSPITAL AND MEDICAL CENTER","PHOENIX","ARIZONA","92","92","Hosp","ST. JOSEPH'S HOSPITAL AND MEDICAL CENTER","1853794","824286","2678080","44.5"
"J. DAVID GLADSTONE INSTITUTES","SAN FRANCISCO","CALIFORNIA","91","91","NP res inst","J. DAVID GLADSTONE INSTITUTES","15878370","10699123","26575146","67.4"
"MAX PLANCK FLORIDA CORPORATION","JUPITER","FLORIDA","90","90","NP res inst","MAX PLANCK FLORIDA CORPORATION","1431035","1190858","2621893","83.2"
"VAN ANDEL RESEARCH INSTITUTE","GRAND RAPIDS","MICHIGAN","90","90","NP res inst","VAN ANDEL RESEARCH INSTITUTE","2001291","1257989","3259280","62.9"
"SCRIPPS RESEARCH INSTITUTE","LA JOLLA","CALIFORNIA","89.5","89.5","NP res inst","SCRIPPS RESEARCH INSTITUTE","131563460","69776517","198275639","53.0"
"VGTI FLORIDA","PORT SAINT LUCIE","FLORIDA","89","89","NP res inst","VGTI FLORIDA","738320","657105","1395425","89.0"
"SCRIPPS FLORIDA","JUPITER","FLORIDA","98","89","NP res inst","SCRIPPS FLORIDA","17271151","12839432","30110583","74.3"
"COLD SPRING HARBOR LABORATORY","COLD SPRING HARBOR","NEW YORK","87","89","NP res inst","COLD SPRING HARBOR LABORATORY","18515626","13185734","31532003","71.2"
"J. CRAIG VENTER INSTITUTE, INC.","ROCKVILLE","MARYLAND","88","88","NP res inst","J. CRAIG VENTER INSTITUTE, INC.","1906653","972304","13879971","51.0"
"PUGET SOUND BLOOD CENTER","SEATTLE","WASHINGTON","87","87","NP res inst","PUGET SOUND BLOOD CENTER","1540308","1168967","2709275","75.9"
"TRANSLATIONAL GENOMICS RESEARCH INST","PHOENIX","ARIZONA","86","86","NP res inst","TRANSLATIONAL GENOMICS RESEARCH INST","3060379","1599524","4650324","52.3"
"REGENERATIVE RESEARCH FOUNDATION","Rensselaer","NEW YORK","80","85","NP res inst","REGENERATIVE RESEARCH FOUNDATION","1070986","700459","1771445","65.4"
"WISTAR INSTITUTE","PHILADELPHIA","PENNSYLVANIA","85","85","NP res inst","WISTAR INSTITUTE","17057220","8387511","25344586","49.2"
"NEW YORK STRUCTURAL BIOLOGY CENTER","NEW YORK","NEW YORK","85","85","NP res inst","NEW YORK STRUCTURAL BIOLOGY CENTER","3822109","1099364","4921473","28.8"
"UNIVERSIDAD DEL ESTE","CAROLINA","PUERTO RICO","81","85","Higher Ed","UNIVERSIDAD DEL ESTE","449615","32886","482501","7.3"
"PACIFIC NORTHWEST RESEARCH INSTITUTE","SEATTLE","WASHINGTON","84.5","84.5","NP res inst","PACIFIC NORTHWEST RESEARCH INSTITUTE","3959997","2952203","6912200","74.6"
"SEATTLE BIOMEDICAL RESEARCH INSTITUTE","SEATTLE","WASHINGTON","72.5","84","NP res inst","SEATTLE BIOMEDICAL RESEARCH INSTITUTE","10129813","5960684","21198581","58.8"
"INSTITUTE FOR SYSTEMS BIOLOGY","SEATTLE","WASHINGTON","84","83","NP res inst","INSTITUTE FOR SYSTEMS BIOLOGY","4038551","2671356","6475171","66.1"
"STATE COLLEGE OF OPTOMETRY","NEW YORK","NEW YORK","79.5","79.5","Higher Ed","STATE COLLEGE OF OPTOMETRY","1558117","605417","2162395","38.9"
"TEXAS BIOMEDICAL RESEARCH INSTITUTE","SAN ANTONIO","TEXAS","79.1","79.1","NP res inst","TEXAS BIOMEDICAL RESEARCH INSTITUTE","15437784","9670733","25108517","62.6"
"PONCE SCHOOL OF MEDICINE","PONCE","PUERTO RICO","79","79","Higher Ed","PONCE SCHOOL OF MEDICINE","4009363","1712474","5614741","42.7"
"FOX CHASE CANCER CENTER","PHILADELPHIA","PENNSYLVANIA","77.5","78.5","NP res inst","FOX CHASE CANCER CENTER","141750","111274","253024","78.5"
"HOUSE RESEARCH INSTITUTE","LOS ANGELES","CALIFORNIA","78.5","78.5","NP res inst","HOUSE RESEARCH INSTITUTE","2415742","1841488","4257230","76.2"
"SMITH-KETTLEWELL EYE RESEARCH INSTITUTE","SAN FRANCISCO","CALIFORNIA","66","78","NP res inst","SMITH-KETTLEWELL EYE RESEARCH INSTITUTE","1515000","872278","2387278","57.6"
"WEIZMANN INSTITUTE OF SCIENCE","REHOVOT","ISRAEL","75","78","Higher Ed","WEIZMANN INSTITUTE OF SCIENCE","877463","48400","925863","5.5"
"CORIELL INSTITUTE FOR MEDICAL RESEARCH","","NEW JERSEY","78","78","NP res inst","CORIELL INSTITUTE FOR MEDICAL RESEARCH","0","0","13330393",0
"FORDHAM UNIVERSITY","BRONX","NEW YORK","77.5","77.5","Higher Ed","FORDHAM UNIVERSITY","674227","142378","816605","21.1"
"LA JOLLA INST FOR ALLERGY & IMMUNOLGY","LA JOLLA","CALIFORNIA","74","77","NP res inst","LA JOLLA INST FOR ALLERGY & IMMUNOLGY","13790624","8635621","26164807","62.6"
"COLLEGE AT PURCHASE","PURCHASE","NEW YORK","77","77","Higher Ed","COLLEGE AT PURCHASE","174655","13972","188627","8.0"
"AARON DIAMOND AIDS RESEARCH CENTER","NEW YORK","NEW YORK","78","76.5","NP res inst","AARON DIAMOND AIDS RESEARCH CENTER","5007759","2512676","7520435","50.2"
"HACKENSACK UNIVERSITY MEDICAL CENTER","HACKENSACK","NEW JERSEY","76.1","76.1","Hosp","HACKENSACK UNIVERSITY MEDICAL CENTER","446628","336478","783106","75.3"
"BRIGHAM AND WOMEN'S HOSPITAL","BOSTON","MASSACHUSETTS","78.5","76","Hosp","BRIGHAM AND WOMEN'S HOSPITAL","229550481","88719722","315919592","38.6"
"COLLEGE AT OSWEGO","OSWEGO","NEW YORK","76","76","Higher Ed","COLLEGE AT OSWEGO","250789","73762","324551","29.4"
"FRED HUTCHINSON CAN RES CTR","SEATTLE","WASHINGTON","76","76","NP res inst","FRED HUTCHINSON CAN RES CTR","123276993","61042648","199131915","49.5"
"HOSPITAL FOR SPECIAL SURGERY","NEW YORK","NEW YORK","75.5","75.5","Hosp","HOSPITAL FOR SPECIAL SURGERY","4283766","2488686","6672437","58.1"
"ALLEN INSTITUTE FOR BRAIN SCIENCE","SEATTLE","WASHINGTON","78.3","75.5","NP res inst","ALLEN INSTITUTE FOR BRAIN SCIENCE","849567","674562","1524129","79.4"
"VILLANOVA UNIVERSITY","VILLANOVA UNIVERSITY","PENNSYLVANIA","75.4","75.4","Higher Ed","VILLANOVA UNIVERSITY","297267","172113","469380","57.9"
"WELLESLEY COLLEGE","WELLESLEY","MASSACHUSETTS","79","75.3","Higher Ed","WELLESLEY COLLEGE","838707","427037","1265744","50.9"
"ST. JUDE CHILDREN'S RESEARCH HOSPITAL","MEMPHIS","TENNESSEE","75","75","Hosp","ST. JUDE CHILDREN'S RESEARCH HOSPITAL","31649076","18083936","64634574","57.1"
"DANA-FARBER CANCER INST","BOSTON","MASSACHUSETTS","75","75","Hosp","DANA-FARBER CANCER INST","80356858","36564205","115844948","45.5"
"JACKSON LABORATORY","BAR HARBOR","MAINE","75","75","NP res inst","JACKSON LABORATORY","31799365","19626219","50850165","61.7"
"CALIFORNIA PACIFIC MED CTR RES INSTITUTE","SAN FRANCISCO","CALIFORNIA","75","75","Hosp","CALIFORNIA PACIFIC MED CTR RES INSTITUTE","7954885","2057929","10012814","25.9"
"NEW ENGLAND COLLEGE OF OPTOMETRY","BOSTON","MASSACHUSETTS","75","75","Higher Ed","NEW ENGLAND COLLEGE OF OPTOMETRY","550762","127103","643071","23.1"
"AMERICAN LEGACY FOUNDATION","WASHINGTON","DIST OF COL","75","75","NP res inst","AMERICAN LEGACY FOUNDATION","860542","288525","1149067","33.5"
"MASONIC MEDICAL RESEARCH LABORATORY, INC","UTICA","NEW YORK","75","75","NP res inst","MASONIC MEDICAL RESEARCH LABORATORY, INC","238000","178500","416500","75.0"
"MORGRIDGE INSTITUTE FOR RESEARCH, INC.","MADISON","WISCONSIN","75","75","NP res inst","MORGRIDGE INSTITUTE FOR RESEARCH, INC.","1818294","526997","2345291","29.0"
"BENAROYA RESEARCH INST AT VIRGINIA MASON","SEATTLE","WASHINGTON","70.7","74.7","NP res inst","BENAROYA RESEARCH INST AT VIRGINIA MASON","11645413","5687166","18744020","48.8"
"BETH ISRAEL DEACONESS MEDICAL CENTER","BOSTON","MASSACHUSETTS","74","74","Hosp","BETH ISRAEL DEACONESS MEDICAL CENTER","81764103","35614451","118785811","43.6"
"HEBREW UNIVERSITY OF JERUSALEM","JERUSALEM","ISRAEL","74","74","Higher Ed","HEBREW UNIVERSITY OF JERUSALEM","547015","43761","590776","8.0"
"MASSACHUSETTS GENERAL HOSPITAL","BOSTON","MASSACHUSETTS","75","74","Hosp","MASSACHUSETTS GENERAL HOSPITAL","0","0","15528685",0
"BROAD INSTITUTE, INC.","CAMBRIDGE","MASSACHUSETTS","69.5","73","NP res inst","BROAD INSTITUTE, INC.","73109237","16529591","98855705","22.6"
"COLLEGE AT OLD WESTBURY","OLD WESTBURY","NEW YORK","73","73","Higher Ed","COLLEGE AT OLD WESTBURY","188497","13659","202156","7.2"
"TORREY PINES INST FOR MOLECULAR STUDIES","Port St. Lucie","FLORIDA","73","73","NP res inst","TORREY PINES INST FOR MOLECULAR STUDIES","3582627","2277926","5860553","63.6"
"CHILDREN'S RESEARCH INSTITUTE","WASHINGTON","DIST OF COL","72","72","NP res inst","CHILDREN'S RESEARCH INSTITUTE","17298496","7356001","24141235","42.5"
"JOHN WAYNE CANCER INSTITUTE","SANTA MONICA","CALIFORNIA","72","72","NP res inst","JOHN WAYNE CANCER INSTITUTE","4000119","3092878","6914603","77.3"
"POMONA COLLEGE","CLAREMONT","CALIFORNIA","72","72","Higher Ed","POMONA COLLEGE","191493","40524","232017","21.2"
"ERNEST GALLO CLINIC AND RESEARCH CENTER","EMERYVILLE","CALIFORNIA","71.9","71.9","NP res inst","ERNEST GALLO CLINIC AND RESEARCH CENTER","1260520","750363","2010883","59.5"
"ROGER WILLIAMS HOSPITAL","PROVIDENCE","RHODE ISLAND","71","70.3","Hosp","ROGER WILLIAMS HOSPITAL","1109450","652349","1761799","58.8"
"CHILDREN'S HOSPITAL OF ORANGE COUNTY","ORANGE","CALIFORNIA","70","70","Hosp","CHILDREN'S HOSPITAL OF ORANGE COUNTY","361570","183548","545118","50.8"
"NEW YORK INST OF TECHNOLOGY","OLD WESTBURY","NEW YORK","70","70","Higher Ed","NEW YORK INST OF TECHNOLOGY","432006","128041","560047","29.6"
"QUEEN'S MEDICAL CENTER","HONOLULU","HAWAII","70","70","Hosp","QUEEN'S MEDICAL CENTER","539660","192700","732360","35.7"
"VASSAR COLLEGE","POUGHKEEPSIE","NEW YORK","70","70","Higher Ed","VASSAR COLLEGE","217500","45675","263175","21.0"
"YORK COLLEGE","JAMAICA","NEW YORK","70","70","Higher Ed","YORK COLLEGE","218302","135797","354099","62.2"
"JOHN JAY COLLEGE OF CRIMINAL JUSTICE","NEW YORK","NEW YORK","69.5","69.5","Higher Ed","JOHN JAY COLLEGE OF CRIMINAL JUSTICE","780965","250085","1031050","32.0"
"MOUNT SINAI SCHOOL OF MEDICINE","NEW YORK","NEW YORK","69.5","69.5","Higher Ed","MOUNT SINAI SCHOOL OF MEDICINE","140656993","59618841","197480383","42.4"
"ROCKEFELLER UNIVERSITY","NEW YORK","NEW YORK","69.5","69.5","Higher Ed","ROCKEFELLER UNIVERSITY","41610138","19757453","61367051","47.5"
"NEW YORK BLOOD CENTER","NEW YORK","NEW YORK","71","69.3","NP res inst","NEW YORK BLOOD CENTER","4451568","1261713","5713281","28.3"
"COLUMBIA UNIVERSITY TEACHERS COLLEGE","NEW YORK","NEW YORK","69.1","69.1","Higher Ed","COLUMBIA UNIVERSITY TEACHERS COLLEGE","1507218","506499","2013717","33.6"
"BOSTON MEDICAL CENTER","BOSTON","MASSACHUSETTS","69","69","Hosp","BOSTON MEDICAL CENTER","25299003","9021556","34357978","35.7"
"BERNARD M. BARUCH COLLEGE","NEW YORK","NEW YORK","69","69","Higher Ed","BERNARD M. BARUCH COLLEGE","47450","27305","74755","57.5"
"HARVARD UNIVERSITY","CAMBRIDGE","MASSACHUSETTS","69","69","Higher Ed","HARVARD UNIVERSITY","35914540","16620633","51828312","46.3"
"HARVARD UNIVERSITY (MEDICAL SCHOOL)","BOSTON","MASSACHUSETTS","69","69","Higher Ed","HARVARD UNIVERSITY (MEDICAL SCHOOL)","137721029","49959175","185223961","36.3"
"MEDGAR EVERS COLLEGE","NEW YORK","NEW YORK","69","69","Higher Ed","MEDGAR EVERS COLLEGE","185068","14805","199873","8.0"
"NEW YORK UNIVERSITY SCHOOL OF MEDICINE","NEW YORK","NEW YORK","69","69","Higher Ed","NEW YORK UNIVERSITY SCHOOL OF MEDICINE","117096309","56877208","174108397","48.6"
"WEILL MEDICAL COLL OF CORNELL UNIV","NEW YORK","NEW YORK","69","69","Higher Ed","WEILL MEDICAL COLL OF CORNELL UNIV","77147260","34555961","112121941","44.8"
"NOVA SOUTHEASTERN UNIVERSITY","FORT LAUDERDALE","FLORIDA","68.7","68.7","Higher Ed","NOVA SOUTHEASTERN UNIVERSITY","1580357","339676","1920033","21.5"
"FEINSTEIN INSTITUTE FOR MEDICAL RESEARCH","MANHASSET","NEW YORK","66","68.5","NP res inst","FEINSTEIN INSTITUTE FOR MEDICAL RESEARCH","13065744","7165538","20231124","54.8"
"H. LEE MOFFITT CANCER CTR & RES INST","TAMPA","FLORIDA","67.5","68.5","NP res inst","H. LEE MOFFITT CANCER CTR & RES INST","20961109","10809981","31572367","51.6"
"CITY OF HOPE/BECKMAN RESEARCH INSTITUTE","DUARTE","CALIFORNIA","68","68","NP res inst","CITY OF HOPE/BECKMAN RESEARCH INSTITUTE","26156990","11592366","36942940","44.3"
"DUQUESNE UNIVERSITY","PITTSBURGH","PENNSYLVANIA","68","68","Higher Ed","DUQUESNE UNIVERSITY","1951845","496632","2448477","25.4"
"OKLAHOMA MEDICAL RESEARCH FOUNDATION","OKLAHOMA CITY","OKLAHOMA","61.5","68","NP res inst","OKLAHOMA MEDICAL RESEARCH FOUNDATION","16503646","8622905","25126551","52.2"
"BARNARD COLLEGE","NEW YORK","NEW YORK","67.5","67.5","Higher Ed","BARNARD COLLEGE","612478","238137","850615","38.9"
"CHILDREN'S HOSP OF PHILADELPHIA","PHILADELPHIA","PENNSYLVANIA","67.5","67.5","Hosp","CHILDREN'S HOSP OF PHILADELPHIA","87482075","25084232","108503611","28.7"
"UNIVERSITY OF NEW ENGLAND","BIDDEFORD","MAINE","67.3","67.3","Higher Ed","UNIVERSITY OF NEW ENGLAND","2185591","721190","2906781","33.0"
"CEDARS-SINAI MEDICAL CENTER","LOS ANGELES","CALIFORNIA","67","67","Hosp","CEDARS-SINAI MEDICAL CENTER","18930198","9026051","27956249","47.7"
"REED COLLEGE","PORTLAND","OREGON","67","67","Higher Ed","REED COLLEGE","421028","180822","601850","42.9"
"TRINITY COLLEGE","HARTFORD","CONNECTICUT","67","67","Higher Ed","TRINITY COLLEGE","364053","45154","409207","12.4"
"YESHIVA UNIVERSITY","NEW YORK","NEW YORK","66","67","Higher Ed","YESHIVA UNIVERSITY","676025","341449","2796729","50.5"
"CHILDREN'S HOSPITAL & RES CTR AT OAKLAND","OAKLAND","CALIFORNIA","66.5","66.5","Hosp","CHILDREN'S HOSPITAL & RES CTR AT OAKLAND","10186543","4115403","14238224","40.4"
"UNIV OF MASSACHUSETTS MED SCH WORCESTER","WORCESTER","MASSACHUSETTS","64.5","66","Higher Ed","UNIV OF MASSACHUSETTS MED SCH WORCESTER","88307897","43280208","130350480","49.0"
"YALE UNIVERSITY","NEW HAVEN","CONNECTICUT","65.5","66","Higher Ed","YALE UNIVERSITY","240229220","110217739","348058771","45.9"
"MINNEAPOLIS MEDICAL RESEARCH FDN, INC.","MINNEAPOLIS","MINNESOTA","62.5","65.5","NP res inst","MINNEAPOLIS MEDICAL RESEARCH FDN, INC.","11524816","430138","13931885","3.7"
"GENETIC INFORMATION RESEARCH INSTITUTE","MOUNTAIN VIEW","CALIFORNIA","65","65","NP res inst","GENETIC INFORMATION RESEARCH INSTITUTE","327384","195260","522644","59.6"
"HEBREW REHABILITATION CENTER FOR AGED","BOSTON","MASSACHUSETTS","64.5","65","Hosp","HEBREW REHABILITATION CENTER FOR AGED","5202878","1513401","6716279","29.1"
"JOSLIN DIABETES CENTER","BOSTON","MASSACHUSETTS","64","65","NP res inst","JOSLIN DIABETES CENTER","31317782","6506729","37642908","20.8"
"LANKENAU INSTITUTE FOR MEDICAL RESEARCH","WYNNEWOOD","PENNSYLVANIA","65","65","NP res inst","LANKENAU INSTITUTE FOR MEDICAL RESEARCH","1153923","428531","1502454","37.1"
"LONG ISLAND UNIVERSITY BROOKLYN CAMPUS","BROOKLYN","NEW YORK","65","65","Higher Ed","LONG ISLAND UNIVERSITY BROOKLYN CAMPUS","849167","95022","944189","11.2"
"National Disease Research Interchange","PHILADELPHIA","PENNSYLVANIA","65","65","NP res inst","National Disease Research Interchange","889498","483638","1373136","54.4"
"SPAULDING REHABILITATION HOSPITAL","BOSTON","MASSACHUSETTS","65","65","Hosp","SPAULDING REHABILITATION HOSPITAL","1435862","474813","1910675","33.1"
"STOWERS INSTITUTE FOR MEDICAL RESEARCH","KANSAS CITY","MISSOURI","62","65","NP res inst","STOWERS INSTITUTE FOR MEDICAL RESEARCH","2726281","1588847","4315128","58.3"
"TUFTS UNIVERSITY BOSTON","BOSTON","MASSACHUSETTS","65","65","Higher Ed","TUFTS UNIVERSITY BOSTON","33404495","14367317","48040076","43.0"
"UNIVERSIDAD CENTRAL DEL CARIBE","BAYAMON","PUERTO RICO","65","65","Higher Ed","UNIVERSIDAD CENTRAL DEL CARIBE","4329109","1554723","5379753","35.9"
"UNIVERSITY OF THE VIRGIN ISLANDS","ST. THOMAS","VIRGIN ISLANDS","65","65","Higher Ed","UNIVERSITY OF THE VIRGIN ISLANDS","1483401","356391","1839792","24.0"
"CATHOLIC UNIVERSITY OF AMERICA","WASHINGTON","DIST OF COL","64.6","64.6","Higher Ed","CATHOLIC UNIVERSITY OF AMERICA","1395613","333466","1646129","23.9"
"BLUEFIELD STATE COLLEGE","BLUEFIELD","WEST VIRGINIA","64.2","64.2","Higher Ed","BLUEFIELD STATE COLLEGE","99301","7944","107245","8.0"
"ADELPHI UNIVERSITY","GARDEN CITY","NEW YORK","64.1","64.1","Higher Ed","ADELPHI UNIVERSITY","150000","21716","171716","14.5"
"WESLEYAN UNIVERSITY","MIDDLETOWN","CONNECTICUT","64.1","64.1","Higher Ed","WESLEYAN UNIVERSITY","911613","458667","1370280","50.3"
"ASSOCIATION OF AMERICAN MEDICAL COLLEGES","WASHINGTON","DIST OF COL","64","64","NP res inst","ASSOCIATION OF AMERICAN MEDICAL COLLEGES","1173679","38179","1084986","3.3"
"BLUEFIELD STATE COLLEGE","BLUEFIELD","WEST VIRGINIA","64","64","Higher Ed","BLUEFIELD STATE COLLEGE","99301","7944","107245","8.0"
"FAIRFIELD UNIVERSITY","FAIRFIELD","CONNECTICUT","64","64","Higher Ed","FAIRFIELD UNIVERSITY","64036","5123","69159","8.0"
"HARVARD PILGRIM HEALTH CARE, INC.","BOSTON","MASSACHUSETTS","62","64","NP res inst","HARVARD PILGRIM HEALTH CARE, INC.","3766406","1200558","4966964","31.9"
"KUAKINI MEDICAL CENTER","HONOLULU","HAWAII","64","64","Hosp","KUAKINI MEDICAL CENTER","457760","188448","646208","41.2"
"MCGILL UNIVERSITY HEALTH CTR RES INST","MONTREAL","CANADA","64","64","NP res inst","MCGILL UNIVERSITY HEALTH CTR RES INST","64969","5198","70167","8.0"
"MCGILL UNIVERSITY","MONTREAL","CANADA","64","64","Higher Ed","MCGILL UNIVERSITY","2045517","141395","2186912","6.9"
"UNIVERSITY OF SOUTHERN CALIFORNIA","LOS ANGELES","CALIFORNIA","63","64","Higher Ed","UNIVERSITY OF SOUTHERN CALIFORNIA","128452830","57399804","184275868","44.7"
"PARKINSON'S INSTITUTE","SUNNYVALE","CALIFORNIA","63.8","63.8","NP res inst","PARKINSON'S INSTITUTE","45710","35105","80815","76.8"
"GEISINGER CLINIC","DANVILLE","PENNSYLVANIA","63.5","63.5","NP res inst","GEISINGER CLINIC","2568408","1336675","3905083","52.0"
"HERBERT H. LEHMAN COLLEGE","NEW YORK","NEW YORK","63","63","Higher Ed","HERBERT H. LEHMAN COLLEGE","443277","250061","693338","56.4"
"BETH ISRAEL MEDICAL CTR (NEW YORK)","NEW YORK","NEW YORK","65.8","62.3","Hosp","BETH ISRAEL MEDICAL CTR (NEW YORK)","590234","233268","823502","39.5"
"JOHNS HOPKINS UNIVERSITY","BALTIMORE","MARYLAND","62","62","Higher Ed","JOHNS HOPKINS UNIVERSITY","417750497","159521576","574844637","38.2"
"CAMBRIDGE HEALTH ALLIANCE","CAMBRIDGE","MASSACHUSETTS","61","62","NP res inst","CAMBRIDGE HEALTH ALLIANCE","1135060","273474","1408534","24.1"
"BROWN UNIVERSITY","PROVIDENCE","RHODE ISLAND","62","62","Higher Ed","BROWN UNIVERSITY","41393217","15494002","56210561","37.4"
"CHILDREN'S HOSPITAL OF LOS ANGELES","LOS ANGELES","CALIFORNIA","62","62","Hosp","CHILDREN'S HOSPITAL OF LOS ANGELES","12561478","4719060","17149123","37.6"
"HAMILTON COLLEGE","CLINTON","NEW YORK","64","62","Higher Ed","HAMILTON COLLEGE","98882","46332","145214","46.9"
"MASSACHUSETTS EYE AND EAR INFIRMARY","BOSTON","MASSACHUSETTS","60","62","Hosp","MASSACHUSETTS EYE AND EAR INFIRMARY","14723605","5980452","20413920","40.6"
"MERCER UNIVERSITY MACON","MACON","GEORGIA","62","62","Higher Ed","MERCER UNIVERSITY MACON","762915","387876","1150791","50.8"
"NEW YORK ACADEMY OF MEDICINE","NEW YORK","NEW YORK","62","62","NP res inst","NEW YORK ACADEMY OF MEDICINE","395550","229328","624878","58.0"
"SWARTHMORE COLLEGE","SWARTHMORE","PENNSYLVANIA","58","62","Higher Ed","SWARTHMORE COLLEGE","250000","99200","349200","39.7"
"UNIVERSITY OF PR CAYEY UNIVERSITY COLL","CAYEY","PUERTO RICO","60","62","Higher Ed","UNIVERSITY OF PR CAYEY UNIVERSITY COLL","737565","181308","918873","24.6"
"INSTITUTE FOR BASIC RES IN DEV DISABIL","STATEN ISLAND","NEW YORK","61.7","61.7","NP res inst","INSTITUTE FOR BASIC RES IN DEV DISABIL","313718","33614","347332","10.7"
"HUGO W. MOSER RES INST KENNEDY KRIEGER","BALTIMORE","MARYLAND","61.6","61.6","NP res inst","HUGO W. MOSER RES INST KENNEDY KRIEGER","12468919","4299610","16768529","34.5"
"CHILDREN'S HOSPITAL (NEW ORLEANS)","NEW ORLEANS","LOUISIANA","61.5","61.5","Hosp","CHILDREN'S HOSPITAL (NEW ORLEANS)","50728","31198","81926","61.5"
"HARVARD UNIVERSITY (SCH OF PUBLIC HLTH)","BOSTON","MASSACHUSETTS","61.5","61.5","Higher Ed","HARVARD UNIVERSITY (SCH OF PUBLIC HLTH)","96867426","25185418","115870367","26.0"
"XAVIER UNIVERSITY OF LOUISIANA","NEW ORLEANS","LOUISIANA","61.5","61.5","Higher Ed","XAVIER UNIVERSITY OF LOUISIANA","2521689","705954","3116164","28.0"
"NATHAN S. KLINE INSTITUTE FOR PSYCH RES","ORANGEBURG","NEW YORK","61.2","61.2","NP res inst","NATHAN S. KLINE INSTITUTE FOR PSYCH RES","5451226","2815321","8266547","51.6"
"BRANDEIS UNIVERSITY","WALTHAM","MASSACHUSETTS","60","61","Higher Ed","BRANDEIS UNIVERSITY","18341720","7799039","25846230","42.5"
"DARTMOUTH COLLEGE","HANOVER","NEW HAMPSHIRE","58","61","Higher Ed","DARTMOUTH COLLEGE","59789733","23361736","81705567","39.1"
"NEW YORK MEDICAL COLLEGE","VALHALLA","NEW YORK","61","61","Higher Ed","NEW YORK MEDICAL COLLEGE","4784148","2413186","7197334","50.4"
"PRINCETON UNIVERSITY","PRINCETON","NEW JERSEY","61","61","Higher Ed","PRINCETON UNIVERSITY","28364177","11603111","39609228","40.9"
"SAGE BIONETWORKS","SEATTLE","WASHINGTON","61","61","NP res inst","SAGE BIONETWORKS","1325574","798935","2124509","60.3"
"MARINE BIOLOGICAL LABORATORY","WOODS HOLE","MASSACHUSETTS","60.5","60.5","NP res inst","MARINE BIOLOGICAL LABORATORY","4476488","1353331","5829819","30.2"
"SWEDISH MEDICAL CENTER, FIRST HILL","SEATTLE","WASHINGTON","60.5","60.5","Hosp","SWEDISH MEDICAL CENTER, FIRST HILL","1002071","350577","1309133","35.0"
"MONTEFIORE MEDICAL CENTER (BRONX, NY)","NEW YORK","NEW YORK","60.1","60.1","Hosp","MONTEFIORE MEDICAL CENTER (BRONX, NY)","416147","140092","803826","33.7"
"UNIVERSITY OF PENNSYLVANIA","PHILADELPHIA","PENNSYLVANIA","60","60","Higher Ed","UNIVERSITY OF PENNSYLVANIA","320393475","131032353","451194908","40.9"
"BOWDOIN COLLEGE","BRUNSWICK","MAINE","60","60","Higher Ed","BOWDOIN COLLEGE","390458","11671","402129","3.0"
"COLUMBIA UNIV NEW YORK MORNINGSIDE","NEW YORK","NEW YORK","60","60","Higher Ed","COLUMBIA UNIV NEW YORK MORNINGSIDE","28227244","12544788","40748387","44.4"
"CORNELL UNIVERSITY","ITHACA","NEW YORK","59","60","Higher Ed","CORNELL UNIVERSITY","45143705","18478194","63298438","40.9"
"EMANUEL HOSPITAL AND HEALTH CENTER","PORTLAND","OREGON","60","60","Hosp","EMANUEL HOSPITAL AND HEALTH CENTER","1772264","918033","2690297","51.8"
"GROUP HEALTH COOPERATIVE","SEATTLE","WASHINGTON","60","60","NP res inst","GROUP HEALTH COOPERATIVE","12430652","3986889","18822184","32.1"
"ROCHESTER GENERAL HOSPITAL (NY)","ROCHESTER","NEW YORK","60","60","Hosp","ROCHESTER GENERAL HOSPITAL (NY)","393096","136089","529185","34.6"
"SANFORD RESEARCH/USD","SIOUX FALLS","SOUTH DAKOTA","58","60","NP res inst","SANFORD RESEARCH/USD","8470734","3569599","12027508","42.1"
"SCRIPPS HEALTH","SAN DIEGO","CALIFORNIA","50","60","NP res inst","SCRIPPS HEALTH","421906","129605","551511","30.7"
"SPELMAN COLLEGE","ATLANTA","GEORGIA","60","60","Higher Ed","SPELMAN COLLEGE","546209","73572","619781","13.5"
"UNIVERSITY OF PUERTO RICO AT HUMACAO","HUMACAO","PUERTO RICO","60","60","Higher Ed","UNIVERSITY OF PUERTO RICO AT HUMACAO","601325","47242","648567","7.9"
"UT MD ANDERSON CANCER CTR","HOUSTON","TEXAS","58","60","Hosp","UT MD ANDERSON CANCER CTR","91180594","41363413","130803085","45.4"
"NEW YORK STATE PSYCHIATRIC INSTITUTE","NEW YORK","NEW YORK","59.8","59.8","Hosp","NEW YORK STATE PSYCHIATRIC INSTITUTE","33809124","12165041","45962566","36.0"
"RIVERSIDE RESEARCH INSTITUTE","NEW YORK","NEW YORK","59","59.7","NP res inst","RIVERSIDE RESEARCH INSTITUTE","1504514","313254","1817768","20.8"
"ITHACA COLLEGE","ITHACA","NEW YORK","59.5","59.5","Higher Ed","ITHACA COLLEGE","94248","17235","111483","18.3"
"SUNY DOWNSTATE MEDICAL CENTER","BROOKLYN","NEW YORK","59.5","59.5","Higher Ed","SUNY DOWNSTATE MEDICAL CENTER","16546651","4707797","20557902","28.5"
"UPSTATE MEDICAL UNIVERSITY","SYRACUSE","NEW YORK","59.5","59.5","Higher Ed","UPSTATE MEDICAL UNIVERSITY","10787680","4484325","15814043","41.6"
"MAGEE-WOMEN'S RES INST AND FOUNDATION","PITTSBURGH","PENNSYLVANIA","59","59","NP res inst","MAGEE-WOMEN'S RES INST AND FOUNDATION","18447947","3975968","21982346","21.6"
"MIDDLEBURY COLLEGE","MIDDLEBURY","VERMONT","58","59","Higher Ed","MIDDLEBURY COLLEGE","190080","63863","253943","33.6"
"MONTCLAIR STATE UNIVERSITY","MONTCLAIR","NEW JERSEY","58","59","Higher Ed","MONTCLAIR STATE UNIVERSITY","129549","10185","139734","7.9"
"RHODE ISLAND HOSPITAL","PROVIDENCE","RHODE ISLAND","59","59","Hosp","RHODE ISLAND HOSPITAL","21606725","8988444","30461209","41.6"
"ROSKAMP INSTITUTE, INC.","SARASOTA","FLORIDA","59","59","NP res inst","ROSKAMP INSTITUTE, INC.","417927","231950","649877","55.5"
"TUFTS MEDICAL CENTER","BOSTON","MASSACHUSETTS","59","59","Hosp","TUFTS MEDICAL CENTER","24027141","7127675","30823441","29.7"
"UNIVERSITY OF ALBERTA","EDMONTON","CANADA","61.1","59","Higher Ed","UNIVERSITY OF ALBERTA","1162261","52635","1214896","4.5"
"UNIVERSITY OF MASSACHUSETTS AMHERST","AMHERST","MASSACHUSETTS","58.5","59","Higher Ed","UNIVERSITY OF MASSACHUSETTS AMHERST","15697752","5981115","21678867","38.1"
"UNIVERSITY OF TEXAS DALLAS","DALLAS","TEXAS","59","59","Higher Ed","UNIVERSITY OF TEXAS DALLAS","6491762","3070644","9562406","47.3"
"OAK CREST INSTITUTE OF SCIENCE","PASADENA","CALIFORNIA","58.6","58.6","NP res inst","OAK CREST INSTITUTE OF SCIENCE","315099","125880","440979","39.9"
"GEORGE WASHINGTON UNIVERSITY","WASHINGTON","DIST OF COL","58.5","58.5","Higher Ed","GEORGE WASHINGTON UNIVERSITY","79079999","9889549","75697472","12.5"
"NATIONAL JEWISH HEALTH","DENVER","COLORADO","58.5","58.5","Hosp","NATIONAL JEWISH HEALTH","18897081","6654743","26427575","35.2"
"STATE UNIVERSITY OF NEW YORK AT BUFFALO","BUFFALO","NEW YORK","58.5","58.5","Higher Ed","STATE UNIVERSITY OF NEW YORK AT BUFFALO","31067215","14511723","48133703","46.7"
"TREATMENT RESEARCH INSTITUTE, INC. (TRI)","PHILADELPHIA","PENNSYLVANIA","58.2","58.2","NP res inst","TREATMENT RESEARCH INSTITUTE, INC. (TRI)","2797724","1015578","3813302","36.3"
"UNION COLLEGE","SCHENECTADY","NEW YORK","58.1","58.1","Higher Ed","UNION COLLEGE","246000","83593","329593","34.0"
"BANNER ALZHEIMER'S INSTITUTE","PHOENIX","ARIZONA","58","58","NP res inst","BANNER ALZHEIMER'S INSTITUTE","22280073","10980162","33260235","49.3"
"ALBANY MEDICAL COLLEGE","ALBANY","NEW YORK","58","58","Higher Ed","ALBANY MEDICAL COLLEGE","6276543","3185602","9438615","50.8"
"ALBANY STATE UNIVERSITY","ALBANY","GEORGIA","58","58","Higher Ed","ALBANY STATE UNIVERSITY","1470467","330889","1455640","22.5"
"BLOOD SYSTEMS RESEARCH INSTITUTE","SAN FRANCISCO","CALIFORNIA","58","58","NP res inst","BLOOD SYSTEMS RESEARCH INSTITUTE","1236326","455599","11044343","36.9"
"CLARK ATLANTA UNIVERSITY","ATLANTA","GEORGIA","58","58","Higher Ed","CLARK ATLANTA UNIVERSITY","2385708","708592","3094300","29.7"
"KAISER FOUNDATION RESEARCH INSTITUTE","OAKLAND","CALIFORNIA","58","58","NP res inst","KAISER FOUNDATION RESEARCH INSTITUTE","26952483","8862969","36647504","32.9"
"LOMA LINDA UNIVERSITY","LOMA LINDA","CALIFORNIA","58","58","Higher Ed","LOMA LINDA UNIVERSITY","7289340","2975910","10265250","40.8"
"MCLEAN HOSPITAL","BELMONT","MASSACHUSETTS","58","58","Hosp","MCLEAN HOSPITAL","17493025","6741728","24627722","38.5"
"UNIVERSITY OF CHICAGO","CHICAGO","ILLINOIS","57","58","Higher Ed","UNIVERSITY OF CHICAGO","116125916","45809420","160450900","39.4"
"UNIVERSITY OF VIRGINIA","CHARLOTTESVILLE","VIRGINIA","54","58","Higher Ed","UNIVERSITY OF VIRGINIA","80791771","29575019","110028335","36.6"
"KECK GRADUATE INST OF APPLIED LIFE SCIS","CLAREMONT","CALIFORNIA","57.8","57.8","Higher Ed","KECK GRADUATE INST OF APPLIED LIFE SCIS","641793","161341","803134","25.1"
"PALMER COLLEGE OF CHIROPRACTIC","DAVENPORT","IOWA","57.6","57.6","Higher Ed","PALMER COLLEGE OF CHIROPRACTIC","565915","148090","714005","26.2"
"METHODIST HOSPITAL RESEARCH INSTITUTE","HOUSTON","TEXAS","55.5","57.5","NP res inst","METHODIST HOSPITAL RESEARCH INSTITUTE","10240053","3883845","11895351","37.9"
"MCMASTER UNIVERSITY","HAMILTON","CANADA","59.6","57.5","Higher Ed","MCMASTER UNIVERSITY","1369612","109118","1478730","8.0"
"SETON HALL UNIVERSITY","SOUTH ORANGE","NEW JERSEY","57.5","57.5","Higher Ed","SETON HALL UNIVERSITY","423324","126378","549702","29.9"
"STANFORD UNIVERSITY","PALO ALTO","CALIFORNIA","N/A","57","Higher Ed","STANFORD UNIVERSITY","249958508","106682506","357812990","42.7"
"DUKE UNIVERSITY","DURHAM","NORTH CAROLINA","57","57","Higher Ed","DUKE UNIVERSITY","239516544","92735937","350249092","38.7"
"BAYLOR RESEARCH INSTITUTE","DALLAS","TEXAS","57","57","NP res inst","BAYLOR RESEARCH INSTITUTE","8154559","3326510","11481069","40.8"
"BROOKLYN COLLEGE","NEW YORK","NEW YORK","57","57","Higher Ed","BROOKLYN COLLEGE","3011353","1401259","4412612","46.5"
"CASE WESTERN RESERVE UNIVERSITY","CLEVELAND","OHIO","57","57","Higher Ed","CASE WESTERN RESERVE UNIVERSITY","118497990","48367359","173162699","40.8"
"CLEVELAND CLINIC LERNER COM-CWRU","CLEVELAND","OHIO","57","57","Higher Ed","CLEVELAND CLINIC LERNER COM-CWRU","56286990","26208949","82188005","46.6"
"MEDSTAR RESEARCH INSTITUTE","HYATTSVILLE","MARYLAND","57","57","NP res inst","MEDSTAR RESEARCH INSTITUTE","1327610","613777","1859387","46.2"
"NEW YORK UNIVERSITY","NEW YORK","NEW YORK","54","57","Higher Ed","NEW YORK UNIVERSITY","33450743","13435167","46070017","40.2"
"STATE UNIVERSITY NEW YORK STONY BROOK","STONY BROOK","NEW YORK","57","57","Higher Ed","STATE UNIVERSITY NEW YORK STONY BROOK","34948961","16130371","51060131","46.2"
"UNIVERSITY OF CINCINNATI","CINCINNATI","OHIO","57","57","Higher Ed","UNIVERSITY OF CINCINNATI","47291646","16886967","65065239","35.7"
"UNIVERSITY OF CONNECTICUT STORRS","STORRS-MANSFIELD","CONNECTICUT","57","57","Higher Ed","UNIVERSITY OF CONNECTICUT STORRS","11761161","4426804","16179653","37.6"
"UNIVERSITY OF GUAM","MANGILAO","GUAM","57","57","Higher Ed","UNIVERSITY OF GUAM","1463391","424570","938735","29.0"
"UNIVERSITY OF CALIFORNIA SAN FRANCISCO","SAN FRANCISCO","CALIFORNIA","55","56.5","Higher Ed","UNIVERSITY OF CALIFORNIA SAN FRANCISCO","387224699","125547739","501656900","32.4"
"BAYLOR COLLEGE OF MEDICINE","HOUSTON","TEXAS","56.5","56.5","Higher Ed","BAYLOR COLLEGE OF MEDICINE","144793022","46579993","185954665","32.2"
"BOSTON COLLEGE","CHESTNUT HILL","MASSACHUSETTS","56.5","56.5","Higher Ed","BOSTON COLLEGE","5827730","2506222","8118525","43.0"
"EMORY UNIVERSITY","ATLANTA","GEORGIA","55","56","Higher Ed","EMORY UNIVERSITY","191885960","71929168","272395344","37.5"
"INDIANA UNIVERSITY BLOOMINGTON","BLOOMINGTON","INDIANA","55","56","Higher Ed","INDIANA UNIVERSITY BLOOMINGTON","19375542","7903340","27233276","40.8"
"NORTHSHORE UNIVERSITY HEALTHSYSTEM","EVANSTON","ILLINOIS","55","56","Hosp","NORTHSHORE UNIVERSITY HEALTHSYSTEM","2097998","897699","2995697","42.8"
"SAVANNAH STATE UNIVERSITY","SAVANNAH","GEORGIA","56","56","Higher Ed","SAVANNAH STATE UNIVERSITY","1148527","229849","1246198","20.0"
"UNIVERSITY OF MASSACHUSETTS DARTMOUTH","NORTH DARTMOUTH","MASSACHUSETTS","56","56","Higher Ed","UNIVERSITY OF MASSACHUSETTS DARTMOUTH","50000","27166","77166","54.3"
"VANDERBILT UNIVERSITY MED CTR","NASHVILLE","TENNESSEE","56","56","Higher Ed","VANDERBILT UNIVERSITY MED CTR","221880487","85785386","311110760","38.7"
"DALHOUSIE UNIVERSITY","HALIFAX, NOVA SCOTIA","CANADA","51.4","55.9","Higher Ed","DALHOUSIE UNIVERSITY","170639","13651","184290","8.0"
"OREGON RESEARCH INSTITUTE","EUGENE","OREGON","55.6","55.6","NP res inst","OREGON RESEARCH INSTITUTE","12052060","5258694","17310754","43.6"
"QUEEN'S UNIVERSITY AT KINGSTON","KINGSTON","CANADA","55.6","55.6","Higher Ed","QUEEN'S UNIVERSITY AT KINGSTON","1600022","83186","1683208","5.2"
"UNIVERSITY OF MICHIGAN","ANN ARBOR","MICHIGAN","55.5","55.5","Higher Ed","UNIVERSITY OF MICHIGAN","296174558","116766820","412016862","39.4"
"NORTHEASTERN UNIVERSITY","BOSTON","MASSACHUSETTS","55.5","55.5","Higher Ed","NORTHEASTERN UNIVERSITY","16972828","5917925","22360166","34.9"
"RICE UNIVERSITY","HOUSTON","TEXAS","52.5","55.5","Higher Ed","RICE UNIVERSITY","9652210","2346587","11864869","24.3"
"TEXAS HEART INSTITUTE","HOUSTON","TEXAS","55.5","55.5","NP res inst","TEXAS HEART INSTITUTE","1034220","445463","1135940","43.1"
"UNIVERSITY OF CALIFORNIA BERKELEY","BERKELEY","CALIFORNIA","53.5","55.5","Higher Ed","UNIVERSITY OF CALIFORNIA BERKELEY","87597594","33022694","119785503","37.7"
"FAYETTEVILLE STATE UNIVERSITY","FAYETTEVILLE","NORTH CAROLINA","55.4","55.4","Higher Ed","FAYETTEVILLE STATE UNIVERSITY","366870","51184","418054","14.0"
"NORTHWESTERN HEALTH SCIENCES UNIVERSITY","BLOOMINGTON","MINNESOTA","55.3","55.3","Higher Ed","NORTHWESTERN HEALTH SCIENCES UNIVERSITY","265765","11842","277607","4.5"
"SIMON FRASER UNIVERSITY","BURNABY","CANADA","55.3","55.3","Higher Ed","SIMON FRASER UNIVERSITY","1348071","105072","1453143","7.8"
"AMERICAN PSYCHIATRIC FOUNDATION","ARLINGTON","VIRGINIA","55","55","NP res inst","AMERICAN PSYCHIATRIC FOUNDATION","91889","0","91889","0.0"
"ALBANY COLLEGE OF PHARMACY","ALBANY","NEW YORK","55","55","Higher Ed","ALBANY COLLEGE OF PHARMACY","957560","522855","1480415","54.6"
"ELIZABETH CITY STATE UNIVERSITY","ELIZABETH CITY","NORTH CAROLINA","55","55","Higher Ed","ELIZABETH CITY STATE UNIVERSITY","553323","59816","548907","10.8"
"GEORGETOWN UNIVERSITY","WASHINGTON","DIST OF COL","55","55","Higher Ed","GEORGETOWN UNIVERSITY","36321037","11242657","47890937","31.0"
"INFECTIOUS DISEASE RESEARCH INSTITUTE","SEATTLE","WASHINGTON","55","55","NP res inst","INFECTIOUS DISEASE RESEARCH INSTITUTE","1101786","564377","2163163","51.2"
"MEDICAL TECHNOLOGY AND PRACTICE PATTERNS","BETHESDA","MARYLAND","55","55","NP res inst","MEDICAL TECHNOLOGY AND PRACTICE PATTERNS","136833","32450","169283","23.7"
"NORTHEASTERN ILLINOIS UNIVERSITY","CHICAGO","ILLINOIS","55","55","Higher Ed","NORTHEASTERN ILLINOIS UNIVERSITY","136460","39261","132324","28.8"
"QUEENS COLLEGE","FLUSHING","NEW YORK","55","55","Higher Ed","QUEENS COLLEGE","1707456","730964","2409343","42.8"
"SHAW UNIVERSITY","RALEIGH","NORTH CAROLINA","55","55","Higher Ed","SHAW UNIVERSITY","1098558","303078","403212","27.6"
"THOMAS JEFFERSON UNIVERSITY","PHILADELPHIA","PENNSYLVANIA","55","55","Higher Ed","THOMAS JEFFERSON UNIVERSITY","32979659","14891130","47642404","45.2"
"UNIVERSITY OF CALIFORNIA, MERCED","MERCED","CALIFORNIA","55","55","Higher Ed","UNIVERSITY OF CALIFORNIA, MERCED","1803637","432612","2236249","24.0"
"UNIVERSITY OF MARYLAND EASTERN SHORE","PRINCESS ANNE","MARYLAND","55","55","Higher Ed","UNIVERSITY OF MARYLAND EASTERN SHORE","366350","33781","380999","9.2"
"UNIVERSITY OF NORTH CAROLINA AT PEMBROKE","PEMBROKE","NORTH CAROLINA","55","55","Higher Ed","UNIVERSITY OF NORTH CAROLINA AT PEMBROKE","260060","20805","280865","8.0"
"NEUROPSYCHIATRIC RESEARCH INSTITUTE","FARGO","NORTH DAKOTA","54.6","54.6","NP res inst","NEUROPSYCHIATRIC RESEARCH INSTITUTE","685525","281920","917445","41.1"
"UNIVERSITY OF WASHINGTON","SEATTLE","WASHINGTON","54","54.5","Higher Ed","UNIVERSITY OF WASHINGTON","345756989","110356378","454274167","31.9"
"DREXEL UNIVERSITY","PHILADELPHIA","PENNSYLVANIA","54.5","54.5","Higher Ed","DREXEL UNIVERSITY","26221891","7989169","33720746","30.5"
"LUDWIG INSTITUTE  FOR CANCER RES  LTD","LA JOLLA","CALIFORNIA","54.5","54.5","NP res inst","LUDWIG INSTITUTE  FOR CANCER RES  LTD","6564536","1781480","8346016","27.1"
"NORTHWESTERN UNIVERSITY","EVANSTON","ILLINOIS","54.5","54.5","Higher Ed","NORTHWESTERN UNIVERSITY","29177030","10783489","56490835","37.0"
"NORTHWESTERN UNIVERSITY AT CHICAGO","CHICAGO","ILLINOIS","54.5","54.5","Higher Ed","NORTHWESTERN UNIVERSITY AT CHICAGO","124113727","46386710","176604480","37.4"
"ROSALIND FRANKLIN UNIV OF MEDICINE & SCI","NORTH CHICAGO","ILLINOIS","54.5","54.5","Higher Ed","ROSALIND FRANKLIN UNIV OF MEDICINE & SCI","5593797","2467978","8061775","44.1"
"UNIVERSITY OF TEXAS MEDICAL BR GALVESTON","GALVESTON","TEXAS","53","54.5","Higher Ed","UNIVERSITY OF TEXAS MEDICAL BR GALVESTON","59132289","20696038","78061243","35.0"
"AMERICAN ACADEMY OF ADDICTION PSYCHIATRY","East Providence","RHODE ISLAND","54","54","NP res inst","AMERICAN ACADEMY OF ADDICTION PSYCHIATRY","25000","0","25000","0.0"
"AMERICAN COLLEGE OF RADIOLOGY","RESTON","VIRGINIA","54","54","NP res inst","AMERICAN COLLEGE OF RADIOLOGY","23369185","6419508","23605494","27.5"
"AMERICAN COLLEGE OF RADIOLOGY","RESTON","VIRGINIA","54","54","NP res inst","AMERICAN COLLEGE OF RADIOLOGY","23369185","6419508","23605494","27.5"
"AGNES SCOTT COLLEGE","DECATUR","GEORGIA","54","54","Higher Ed","AGNES SCOTT COLLEGE","226751","82731","309482","36.5"
"ARIZONA STATE UNIVERSITY-TEMPE CAMPUS","TEMPE","ARIZONA","54","54","Higher Ed","ARIZONA STATE UNIVERSITY-TEMPE CAMPUS","30100797","11309994","41341038","37.6"
"CHRISTIANA CARE HEALTH SERVICES, INC.","NEWARK","DELAWARE","54","54","Hosp","CHRISTIANA CARE HEALTH SERVICES, INC.","1891394","641607","2533001","33.9"
"HEALTHPARTNERS INSTITUTE","MINNEAPOLIS","MINNESOTA","54","54","NP res inst","HEALTHPARTNERS INSTITUTE","2404852","961841","3366693","40.0"
"HELEN HAYES HOSPITAL","Menands","NEW YORK","50.7","54","Hosp","HELEN HAYES HOSPITAL","583548","288713","872261","49.5"
"NATIONAL REHABILITATION HOSPITAL","WASHINGTON","DIST OF COL","54","54","Hosp","NATIONAL REHABILITATION HOSPITAL","121997","9760","131757","8.0"
"PROVIDENCE PORTLAND MEDICAL CENTER","PORTLAND","OREGON","54","54","Hosp","PROVIDENCE PORTLAND MEDICAL CENTER","1152345","541247","1538875","47.0"
"OREGON HEALTH & SCIENCE UNIVERSITY","PORTLAND","OREGON","54","54","Higher Ed","OREGON HEALTH & SCIENCE UNIVERSITY","140314515","52105373","190719145","37.1"
"PURDUE UNIVERSITY WEST LAFAYETTE","WEST LAFAYETTE","INDIANA","54","54","Higher Ed","PURDUE UNIVERSITY WEST LAFAYETTE","19323235","8060152","27326781","41.7"
"RUTGERS THE ST UNIV OF NJ NEW BRUNSWICK","NEW BRUNSWICK","NEW JERSEY","54","54","Higher Ed","RUTGERS THE ST UNIV OF NJ NEW BRUNSWICK","43511312","16626999","62489902","38.2"
"SAN FRANCISCO STATE UNIVERSITY","SAN FRANCISCO","CALIFORNIA","53.5","54","Higher Ed","SAN FRANCISCO STATE UNIVERSITY","4808810","1151409","5955274","23.9"
"TEXAS CHRISTIAN UNIVERSITY","FORT WORTH","TEXAS","54","54","Higher Ed","TEXAS CHRISTIAN UNIVERSITY","987049","320333","1307382","32.5"
"UNIVERSITY OF CALIFORNIA DAVIS","DAVIS","CALIFORNIA","53.5","54","Higher Ed","UNIVERSITY OF CALIFORNIA DAVIS","132609477","49438262","180683527","37.3"
"UNIVERSITY OF CALIFORNIA LOS ANGELES","LOS ANGELES","CALIFORNIA","54","54","Higher Ed","UNIVERSITY OF CALIFORNIA LOS ANGELES","252681223","85516388","341211533","33.8"
"UNIVERSITY OF COLORADO DENVER","AURORA","COLORADO","53","54","Higher Ed","UNIVERSITY OF COLORADO DENVER","139123711","48678249","184692174","35.0"
"UNIVERSITY OF TEXAS, AUSTIN","AUSTIN","TEXAS","54","54","Higher Ed","UNIVERSITY OF TEXAS, AUSTIN","37063261","14320893","51242696","38.6"
"MICHIGAN STATE UNIVERSITY","EAST LANSING","MICHIGAN","53.5","53.5","Higher Ed","MICHIGAN STATE UNIVERSITY","36546889","12646520","49054045","34.6"
"TUFTS UNIVERSITY MEDFORD","MEDFORD","MASSACHUSETTS","53.5","53.5","Higher Ed","TUFTS UNIVERSITY MEDFORD","6468928","2133264","8602192","33.0"
"UNIVERSITY OF CALIFORNIA IRVINE","IRVINE","CALIFORNIA","53","53.5","Higher Ed","UNIVERSITY OF CALIFORNIA IRVINE","94144639","33624065","126433097","35.7"
"UNIVERSITY OF MARYLAND BALTIMORE","BALTIMORE","MARYLAND","53.5","53.5","Higher Ed","UNIVERSITY OF MARYLAND BALTIMORE","108887108","34194028","163187812","31.4"
"UNIVERSITY OF RHODE ISLAND","KINGSTON","RHODE ISLAND","52","53.5","Higher Ed","UNIVERSITY OF RHODE ISLAND","12298535","3417308","15715843","27.8"
"UNIVERSITY OF ROCHESTER","ROCHESTER","NEW YORK","54.5","53.5","Higher Ed","UNIVERSITY OF ROCHESTER","104244575","39296823","146849347","37.7"
"NORTHERN CALIFORNIA INSTITUTE/RES/EDU","SAN FRANCISCO","CALIFORNIA","53.3","53.3","NP res inst","NORTHERN CALIFORNIA INSTITUTE/RES/EDU","19371255","5516466","24887721","28.5"
"CITY COLLEGE OF NEW YORK","NEW YORK","NEW YORK","53","53","Higher Ed","CITY COLLEGE OF NEW YORK","7416470","3106414","10004925","41.9"
"HUNTER COLLEGE","NEW YORK","NEW YORK","53","53","Higher Ed","HUNTER COLLEGE","10535136","3935107","14470243","37.4"
"MEDICAL COLLEGE OF WISCONSIN","MILWAUKEE","WISCONSIN","53","53","Higher Ed","MEDICAL COLLEGE OF WISCONSIN","67231567","21925182","88920052","32.6"
"QUEENSBOROUGH COMMUNITY COLLEGE","NEW YORK","NEW YORK","53","53","Higher Ed","QUEENSBOROUGH COMMUNITY COLLEGE","336744","24990","361734","7.4"
"RUSH UNIVERSITY MEDICAL CENTER","CHICAGO","ILLINOIS","53","53","Higher Ed","RUSH UNIVERSITY MEDICAL CENTER","30371053","12360247","45437027","40.7"
"TEMPLE UNIV OF THE COMMONWEALTH","PHILADELPHIA","PENNSYLVANIA","53","53","Higher Ed","TEMPLE UNIV OF THE COMMONWEALTH","38300639","16483350","55995595","43.0"
"UNIVERSITY OF CALIFORNIA SANTA BARBARA","SANTA BARBARA","CALIFORNIA","51.5","53","Higher Ed","UNIVERSITY OF CALIFORNIA SANTA BARBARA","13917734","4536125","18453859","32.6"
"UNIVERSITY OF MIAMI SCHOOL OF MEDICINE","MIAMI","FLORIDA","53","53","Higher Ed","UNIVERSITY OF MIAMI SCHOOL OF MEDICINE","76772419","29778328","104622362","38.8"
"UNIVERSITY OF RICHMOND","RICHMOND","VIRGINIA","53","53","Higher Ed","UNIVERSITY OF RICHMOND","103125","8250","111375","8.0"
"JAEB CENTER FOR HEALTH RESEARCH, INC.","TAMPA","FLORIDA","52.8","52.8","NP res inst","JAEB CENTER FOR HEALTH RESEARCH, INC.","16771260","2087489","9001709","12.4"
"UNIVERSITY OF PITTSBURGH AT PITTSBURGH","PITTSBURGH","PENNSYLVANIA","51.5","52.5","Higher Ed","UNIVERSITY OF PITTSBURGH AT PITTSBURGH","299048349","105254959","396728993","35.2"
"OHIO STATE UNIVERSITY","COLUMBUS","OHIO","52.5","52.5","Higher Ed","OHIO STATE UNIVERSITY","0","0","2467576",0
"ST. VINCENT HOSPITAL","GREEN BAY","WISCONSIN","52.5","52.5","Hosp","ST. VINCENT HOSPITAL","835168","0","755168","0.0"
"SMITH COLLEGE","NORTHAMPTON","MASSACHUSETTS","52.5","52.5","Higher Ed","SMITH COLLEGE","376702","63979","440681","17.0"
"UNIVERSITY OF COLORADO","BOULDER","COLORADO","52.5","52.5","Higher Ed","UNIVERSITY OF COLORADO","30049886","10113477","40292061","33.7"
"UNIVERSITY OF MASSACHUSETTS BOSTON","BOSTON","MASSACHUSETTS","52.5","52.5","Higher Ed","UNIVERSITY OF MASSACHUSETTS BOSTON","2897677","1005893","3903570","34.7"
"UNIVERSITY OF MASSACHUSETTS BOSTON","BOSTON","MASSACHUSETTS","52.5","52.5","Higher Ed","UNIVERSITY OF MASSACHUSETTS BOSTON","2897677","1005893","3903570","34.7"
"UNIVERSITY OF VERMONT & ST AGRIC COLLEGE","BURLINGTON","VERMONT","52.5","52.5","Higher Ed","UNIVERSITY OF VERMONT & ST AGRIC COLLEGE","38256934","13462906","51735719","35.2"
"MOUNT SINAI MEDICAL CENTER (MIAMI BEACH)","MIAMI BEACH","FLORIDA","52.1","52.1","Hosp","MOUNT SINAI MEDICAL CENTER (MIAMI BEACH)","396177","180908","467134","45.7"
"UNIV OF NORTH CAROLINA CHAPEL HILL","CHAPEL HILL","NORTH CAROLINA","48","52","Higher Ed","UNIV OF NORTH CAROLINA CHAPEL HILL","289586925","91848205","383752058","31.7"
"CLARK UNIVERSITY (WORCESTER, MA)","WORCESTER","MASSACHUSETTS","52","52","Higher Ed","CLARK UNIVERSITY (WORCESTER, MA)","337481","150037","487518","44.5"
"HUDSON-ALPHA INSTITUTE FOR BIOTECHNOLOGY","HUNTSVILLE","ALABAMA","52","52","NP res inst","HUDSON-ALPHA INSTITUTE FOR BIOTECHNOLOGY","6964456","1511642","8472909","21.7"
"IIT RESEARCH INSTITUTE","CHICAGO","ILLINOIS","51","52","NP res inst","IIT RESEARCH INSTITUTE","195050","243798","2176134","125.0"
"ILLINOIS INSTITUTE OF TECHNOLOGY","CHICAGO","ILLINOIS","51","52","Higher Ed","ILLINOIS INSTITUTE OF TECHNOLOGY","6488613","1187037","7592106","18.3"
"NEW JERSEY INSTITUTE OF TECHNOLOGY","NEWARK","NEW JERSEY","53","52","Higher Ed","NEW JERSEY INSTITUTE OF TECHNOLOGY","768783","366309","1135092","47.6"
"STATE UNIVERSITY OF NEW YORK AT ALBANY","ALBANY","NEW YORK","52","52","Higher Ed","STATE UNIVERSITY OF NEW YORK AT ALBANY","5431038","2288305","7562552","42.1"
"UNIVERSITY OF CALIFORNIA RIVERSIDE","RIVERSIDE","CALIFORNIA","52","52","Higher Ed","UNIVERSITY OF CALIFORNIA RIVERSIDE","11396853","4438447","15835300","38.9"
"UNIVERSITY OF CALIFORNIA SANTA CRUZ","SANTA CRUZ","CALIFORNIA","51.5","52","Higher Ed","UNIVERSITY OF CALIFORNIA SANTA CRUZ","21015631","7542632","28551095","35.9"
"UNIVERSITY OF MARYLAND COLLEGE PK CAMPUS","COLLEGE PARK","MARYLAND","52","52","Higher Ed","UNIVERSITY OF MARYLAND COLLEGE PK CAMPUS","26573318","8700832","35138594","32.7"
"UNIVERSITY OF MINNESOTA","MINNEAPOLIS","MINNESOTA","52","52","Higher Ed","UNIVERSITY OF MINNESOTA","200951672","63938732","263576394","31.8"
"UNIVERSITY OF NOTRE DAME","NOTRE DAME","INDIANA","52","52","Higher Ed","UNIVERSITY OF NOTRE DAME","9781269","4257411","14038680","43.5"
"UNIVERSITY OF TEXAS HLTH SCI CTR HOUSTON","HOUSTON","TEXAS","52","52","Higher Ed","UNIVERSITY OF TEXAS HLTH SCI CTR HOUSTON","61756772","19447049","79421539","31.5"
"VIRGINIA COMMONWEALTH UNIVERSITY","RICHMOND","VIRGINIA","49.5","52","Higher Ed","VIRGINIA COMMONWEALTH UNIVERSITY","57487863","20135995","78658968","35.0"
"WASHINGTON UNIVERSITY","SAINT LOUIS","MISSOURI","52","52","Higher Ed","WASHINGTON UNIVERSITY","250376701","91695887","321046726","36.6"
"WAYNE STATE UNIVERSITY","DETROIT","MICHIGAN","52","52","Higher Ed","WAYNE STATE UNIVERSITY","33573457","13543798","49444251","40.3"
"DOHENY EYE INSTITUTE","LOS ANGELES","CALIFORNIA","58.8","51.8","NP res inst","DOHENY EYE INSTITUTE","2138517","481741","2620258","22.5"
"NORTHEAST OHIO MEDICAL UNIVERSITY","ROOTSTOWN","OHIO","54","51.6","Higher Ed","NORTHEAST OHIO MEDICAL UNIVERSITY","3988412","1936388","5924800","48.6"
"NORTH CAROLINA STATE UNIVERSITY RALEIGH","RALEIGH","NORTH CAROLINA","49","51.5","Higher Ed","NORTH CAROLINA STATE UNIVERSITY RALEIGH","13245682","4190869","17366647","31.6"
"PACIFIC INSTITUTE FOR RES AND EVALUATION","Beltsville","MARYLAND","51.5","51.5","NP res inst","PACIFIC INSTITUTE FOR RES AND EVALUATION","7264813","3184535","10449348","43.8"
"PACIFIC INSTITUTE FOR RES AND EVALUATION","Beltsville","MARYLAND","51.5","51.5","NP res inst","PACIFIC INSTITUTE FOR RES AND EVALUATION","7264813","3184535","10449348","43.8"
"UNIVERSITY OF ARIZONA","TUCSON","ARIZONA","51.5","51.5","Higher Ed","UNIVERSITY OF ARIZONA","54995966","21629559","74779182","39.3"
"UNIVERSITY OF MISSOURI-COLUMBIA","Columbia","MISSOURI","51.5","51.5","Other","UNIVERSITY OF MISSOURI-COLUMBIA","24658560","9599354","34194279","38.9"
"UNIVERSITY OF MISSOURI-COLUMBIA","COLUMBIA","MISSOURI","51.5","51.5","Higher Ed","UNIVERSITY OF MISSOURI-COLUMBIA","24658560","9599354","34194279","38.9"
"UNIVERSITY OF TEXAS ARLINGTON","ARLINGTON","TEXAS","51.5","51.5","Higher Ed","UNIVERSITY OF TEXAS ARLINGTON","1047510","262481","1111717","25.1"
"UNIVERSITY OF TOLEDO HEALTH SCI CAMPUS","TOLEDO","OHIO","50","51.5","Higher Ed","UNIVERSITY OF TOLEDO HEALTH SCI CAMPUS","8439323","3661791","11955060","43.4"
"WESTERN WASHINGTON UNIVERSITY","BELLINGHAM","WASHINGTON","51.4","51.4","Higher Ed","WESTERN WASHINGTON UNIVERSITY","46000","0","46000","0.0"
"FLORIDA STATE UNIVERSITY","TALLAHASSEE","FLORIDA","47","51.3","Higher Ed","FLORIDA STATE UNIVERSITY","11784890","4130953","15704150","35.1"
"NEW YORK EYE AND EAR INFIRMARY","NEW YORK","NEW YORK","51.1","51.1","Hosp","NEW YORK EYE AND EAR INFIRMARY","268126","125294","393420","46.7"
"LOYOLA UNIVERSITY CHICAGO","MAYWOOD","ILLINOIS","49.5","51","Higher Ed","LOYOLA UNIVERSITY CHICAGO","14362953","5113843","19451796","35.6"
"NATIONAL OPINION RESEARCH CENTER","CHICAGO","ILLINOIS","50.3","51","NP res inst","NATIONAL OPINION RESEARCH CENTER","4522378","2007770","34574446","44.4"
"SILENT SPRING INSTITUTE","NEWTON","MASSACHUSETTS","51","51","NP res inst","SILENT SPRING INSTITUTE","908258","153831","1062089","16.9"
"SPECTRUM HEALTH HOSPITALS","GRAND RAPIDS","MICHIGAN","51","51","NP res inst","SPECTRUM HEALTH HOSPITALS","1122102","471552","1593654","42.0"
"TEXAS SOUTHERN UNIVERSITY","HOUSTON","TEXAS","51","51","Higher Ed","TEXAS SOUTHERN UNIVERSITY","147375","75161","222536","51.0"
"UNIVERSITY OF IOWA","IOWA CITY","IOWA","51","51","Higher Ed","UNIVERSITY OF IOWA","109123468","39798882","151386871","36.5"
"UNIVERSITY OF MASSACHUSETTS LOWELL","LOWELL","MASSACHUSETTS","51","51","Higher Ed","UNIVERSITY OF MASSACHUSETTS LOWELL","2330445","318778","2649223","13.7"
"UNIVERSITY OF MISSOURI-ST. LOUIS","SAINT LOUIS","MISSOURI","51","51","Higher Ed","UNIVERSITY OF MISSOURI-ST. LOUIS","1126460","256332","1382792","22.8"
"UNIVERSITY OF NEW MEXICO","ALBUQUERQUE","NEW MEXICO","51","51","Higher Ed","UNIVERSITY OF NEW MEXICO","7853053","2360822","10188875","30.1"
"UNIVERSITY OF OKLAHOMA NORMAN","NORMAN","OKLAHOMA","51","51","Higher Ed","UNIVERSITY OF OKLAHOMA NORMAN","4818279","1751747","6570026","36.4"
"VISITING NURSE SERVICE OF NEW YORK","NEW YORK","NEW YORK","51","51","NP res inst","VISITING NURSE SERVICE OF NEW YORK","116252","9300","125552","8.0"
"WASHINGTON STATE UNIVERSITY","PULLMAN","WASHINGTON","50","51","Higher Ed","WASHINGTON STATE UNIVERSITY","14949735","5674993","20614749","38.0"
"WILLIAM BEAUMONT HOSPITAL RESEARCH INST","ROYAL OAK","MICHIGAN","51","51","NP res inst","WILLIAM BEAUMONT HOSPITAL RESEARCH INST","2035289","518870","2474159","25.5"
"MARQUETTE UNIVERSITY","MILWAUKEE","WISCONSIN","50.5","50.5","Higher Ed","MARQUETTE UNIVERSITY","2044217","747176","2791393","36.6"
"TEXAS TECH UNIVERSITY HEALTH SCIS CENTER","LUBBOCK","TEXAS","49.5","50.5","Higher Ed","TEXAS TECH UNIVERSITY HEALTH SCIS CENTER","7303518","2765828","10069346","37.9"
"TULANE UNIVERSITY OF LOUISIANA","NEW ORLEANS","LOUISIANA","50.5","50.5","Higher Ed","TULANE UNIVERSITY OF LOUISIANA","43479452","14672408","56847372","33.7"
"UNIVERSITY OF NEBRASKA MEDICAL CENTER","OMAHA","NEBRASKA","49","50.5","Higher Ed","UNIVERSITY OF NEBRASKA MEDICAL CENTER","43024837","13646203","56500554","31.7"
"UNIVERSITY OF TEXAS EL PASO","EL PASO","TEXAS","50","50.5","Higher Ed","UNIVERSITY OF TEXAS EL PASO","5739665","1940912","7613966","33.8"
"UNIVERSITY OF WISCONSIN-MADISON","MADISON","WISCONSIN","50.5","50.5","Higher Ed","UNIVERSITY OF WISCONSIN-MADISON","176091032","62406007","240740136","35.4"
"BARRY UNIVERSITY","MIAMI SHORES","FLORIDA","50","50","Higher Ed","BARRY UNIVERSITY","212656","15083","227739","7.1"
"BRIGHAM YOUNG UNIVERSITY","PROVO","UTAH","50","50","Higher Ed","BRIGHAM YOUNG UNIVERSITY","1693558","622411","2315969","36.8"
"ESSENTIA INSTITUTE OF RURAL HEALTH","DULUTH","MINNESOTA","50","50","NP res inst","ESSENTIA INSTITUTE OF RURAL HEALTH","1533162","317930","1851092","20.7"
"GLOBAL VACCINES, INC.","RESEARCH TRIANGLE PARK","NORTH CAROLINA","50","50","NP res inst","GLOBAL VACCINES, INC.","352903","179981","532884","51.0"
"HAWAII PACIFIC UNIVERSITY","HONOLULU","HAWAII","50","50","Higher Ed","HAWAII PACIFIC UNIVERSITY","124900","34534","159434","27.6"
"HOPE COLLEGE","HOLLAND","MICHIGAN","50","50","Higher Ed","HOPE COLLEGE","195750","44551","240301","22.8"
"IOWA STATE UNIVERSITY","AMES","IOWA","48","50","Higher Ed","IOWA STATE UNIVERSITY","7997740","2775572","10760677","34.7"
"KANSAS STATE UNIVERSITY","MANHATTAN","KANSAS","48","50","Higher Ed","KANSAS STATE UNIVERSITY","4811741","1710684","6401404","35.6"
"MARSHFIELD CLINIC RESEARCH FOUNDATION","MARSHFIELD","WISCONSIN","50","50","NP res inst","MARSHFIELD CLINIC RESEARCH FOUNDATION","1024966","369334","1394300","36.0"
"SAINT LOUIS UNIVERSITY","SAINT LOUIS","MISSOURI","50","50","Higher Ed","SAINT LOUIS UNIVERSITY","10026139","3861015","16231994","38.5"
"UNIV/TEXAS BROWNSVILLE & SOUTHMOST COLL","BROWNSVILLE","TEXAS","50","50","Higher Ed","UNIV/TEXAS BROWNSVILLE & SOUTHMOST COLL","1654641","365165","1688667","22.1"
"UNIVERSITY OF AKRON","AKRON","OHIO","50","50","Higher Ed","UNIVERSITY OF AKRON","953101","301188","1254289","31.6"
"UNIVERSITY OF HOUSTON","HOUSTON","TEXAS","49.5","50","Higher Ed","UNIVERSITY OF HOUSTON","11422782","4264045","15044229","37.3"
"UNIVERSITY OF LOUISVILLE RES FDN","LOUISVILLE","KENTUCKY","50","50","Higher Ed","UNIVERSITY OF LOUISVILLE RES FDN","34149235","13218704","47383635","38.7"
"UNIVERSITY OF MIAMI ROSENTEIL SCHOOL","MIAMI","FLORIDA","50","50","Higher Ed","UNIVERSITY OF MIAMI ROSENTEIL SCHOOL","333191","166596","499787","50.0"
"UNIVERSITY OF MISSOURI KANSAS CITY","KANSAS CITY","MISSOURI","50","50","Higher Ed","UNIVERSITY OF MISSOURI KANSAS CITY","6415733","2713143","9128876","42.3"
"UNIVERSITY OF PUERTO RICO MAYAGUEZ","MAYAGUEZ","PUERTO RICO","49","50","Higher Ed","UNIVERSITY OF PUERTO RICO MAYAGUEZ","1631433","124296","1732551","7.6"
"UNIVERSITY OF PUERTO RICO MED SCIENCES","SAN JUAN","PUERTO RICO","49","50","Higher Ed","UNIVERSITY OF PUERTO RICO MED SCIENCES","19928287","7862514","27133868","39.5"
"UNIVERSITY OF TENNESSEE HEALTH SCI CTR","MEMPHIS","TENNESSEE","49.5","50","Higher Ed","UNIVERSITY OF TENNESSEE HEALTH SCI CTR","23415183","10434659","33776773","44.6"
"UNIVERSITY OF UTAH","SALT LAKE CITY","UTAH","50","50","Higher Ed","UNIVERSITY OF UTAH","99083648","36613724","140494332","37.0"
"CHILDREN'S MERCY HOSP (KANSAS CITY, MO)","KANSAS CITY","MISSOURI","49.5","49.5","Hosp","CHILDREN'S MERCY HOSP (KANSAS CITY, MO)","3057642","822130","3861757","26.9"
"CLEMSON UNIVERSITY","CLEMSON","SOUTH CAROLINA","48.5","49.5","Higher Ed","CLEMSON UNIVERSITY","3769941","1104862","4874803","29.3"
"JACKSON STATE UNIVERSITY","JACKSON","MISSISSIPPI","44","49.5","Higher Ed","JACKSON STATE UNIVERSITY","3532210","1044476","6657384","29.6"
"SAN DIEGO STATE UNIVERSITY","SAN DIEGO","CALIFORNIA","49.5","49.5","Higher Ed","SAN DIEGO STATE UNIVERSITY","18865418","6362291","26533223","33.7"
"UNIVERSITY OF MISSISSIPPI MEDICAL CENTER","JACKSON","MISSISSIPPI","49.5","49.5","Higher Ed","UNIVERSITY OF MISSISSIPPI MEDICAL CENTER","15190781","5432406","25814015","35.8"
"UNIVERSITY OF SOUTH FLORIDA","TAMPA","FLORIDA","49","49.5","Higher Ed","UNIVERSITY OF SOUTH FLORIDA","24712982","9559951","33961330","38.7"
"UNIVERSITY OF WISCONSIN MILWAUKEE","MILWAUKEE","WISCONSIN","47.7","49.5","Higher Ed","UNIVERSITY OF WISCONSIN MILWAUKEE","4985513","1557595","6543108","31.2"
"HUNTINGTON MEDICAL RESEARCH INSTITUTES","PASADENA","CALIFORNIA","49.3","49.3","NP res inst","HUNTINGTON MEDICAL RESEARCH INSTITUTES","648448","334785","983233","51.6"
"WINTHROP-UNIVERSITY HOSPITAL","MINEOLA","NEW YORK","49.3","49.3","Hosp","WINTHROP-UNIVERSITY HOSPITAL","923623","240325","1163948","26.0"
"UNIVERSITY OF PENNSYLVANIA","Lock Haven","PENNSYLVANIA","49.1","49.1","Other","UNIVERSITY OF PENNSYLVANIA","320393475","131032353","451194908","40.9"
"ARKANSAS CHILDREN'S HOSPITAL RES INST","LITTLE ROCK","ARKANSAS","48","49","NP res inst","ARKANSAS CHILDREN'S HOSPITAL RES INST","3004559","1035972","4040531","34.5"
"CANCER PREVENTION INSTIT OF CALIFORNIA","FREMONT","CALIFORNIA","47","49","NP res inst","CANCER PREVENTION INSTIT OF CALIFORNIA","3682456","679582","4362038","18.5"
"MEDICAL UNIVERSITY OF SOUTH CAROLINA","CHARLESTON","SOUTH CAROLINA","47.5","49","Higher Ed","MEDICAL UNIVERSITY OF SOUTH CAROLINA","59546999","20071819","78132255","33.7"
"NATIONAL COLLEGE OF NATURAL MEDICINE","PORTLAND","OREGON","49","49","NP res inst","NATIONAL COLLEGE OF NATURAL MEDICINE","194388","11656","206044","6.0"
"MIDWESTERN UNIVERSITY","DOWNERS GROVE","ILLINOIS","49","49","Higher Ed","MIDWESTERN UNIVERSITY","315177","144219","459396","45.8"
"NORTHERN ARIZONA UNIVERSITY","FLAGSTAFF","ARIZONA","49","49","Higher Ed","NORTHERN ARIZONA UNIVERSITY","2795933","900648","3613581","32.2"
"UNIVERSITY OF FLORIDA","GAINESVILLE","FLORIDA","46.5","49","Higher Ed","UNIVERSITY OF FLORIDA","95762180","28289371","127141750","29.5"
"UNIVERSITY OF KANSAS LAWRENCE","LAWRENCE","KANSAS","47","49","Higher Ed","UNIVERSITY OF KANSAS LAWRENCE","17247356","6171494","24581177","35.8"
"UNIVERSITY OF PUERTO RICO RIO PIEDRAS","SAN JUAN","PUERTO RICO","48","49","Higher Ed","UNIVERSITY OF PUERTO RICO RIO PIEDRAS","4640078","992508","5522645","21.4"
"UNIVERSITY OF TENNESSEE KNOXVILLE","KNOXVILLE","TENNESSEE","49","49","Higher Ed","UNIVERSITY OF TENNESSEE KNOXVILLE","4040789","1117649","5158438","27.7"
"MEMORIAL HOSPITAL OF SOUTH BEND","SOUTH BEND","INDIANA","48.9","48.9","Hosp","MEMORIAL HOSPITAL OF SOUTH BEND","541814","260057","710588","48.0"
"FATHER FLANAGAN'S BOYS' HOME","BOYS TOWN","NEBRASKA","48.8","48.8","NP res inst","FATHER FLANAGAN'S BOYS' HOME","3444482","1034084","4383611","30.0"
"CALVIN COLLEGE","GRAND RAPIDS","MICHIGAN","48.7","48.7","Higher Ed","CALVIN COLLEGE","300000","75870","375870","25.3"
"COLORADO STATE UNIVERSITY","FORT COLLINS","COLORADO","48","48.5","Higher Ed","COLORADO STATE UNIVERSITY","23022579","7648533","32724352","33.2"
"FLORIDA ATLANTIC UNIVERSITY","BOCA RATON","FLORIDA","44.5","48.5","Higher Ed","FLORIDA ATLANTIC UNIVERSITY","3468112","1321543","4789655","38.1"
"HENRY FORD HEALTH SYSTEM","DETROIT","MICHIGAN","46.5","48.5","Hosp","HENRY FORD HEALTH SYSTEM","14909337","5303692","20213029","35.6"
"MEMORIAL HOSPITAL OF RHODE ISLAND","PAWTUCKET","RHODE ISLAND","52","48.5","Hosp","MEMORIAL HOSPITAL OF RHODE ISLAND","993356","349393","1342749","35.2"
"MORGAN STATE UNIVERSITY","BALTIMORE","MARYLAND","48.5","48.5","Higher Ed","MORGAN STATE UNIVERSITY","1376883","249208","1610712","18.1"
"OHIO UNIVERSITY ATHENS","ATHENS","OHIO","47.5","48.5","Higher Ed","OHIO UNIVERSITY ATHENS","1797277","632312","2429589","35.2"
"TEXAS STATE UNIVERSITY-SAN MARCOS","SAN MARCOS","TEXAS","48.5","48.5","Higher Ed","TEXAS STATE UNIVERSITY-SAN MARCOS","817053","225375","1042428","27.6"
"UNIVERSITY OF GEORGIA","ATHENS","GEORGIA","48.5","48.5","Higher Ed","UNIVERSITY OF GEORGIA","25134440","9606850","35892320","38.2"
"UNIVERSITY OF KENTUCKY","LEXINGTON","KENTUCKY","48.5","48.5","Higher Ed","UNIVERSITY OF KENTUCKY","55412592","21637105","77613416","39.0"
"UNIVERSITY OF MIAMI CORAL GABLES","CORAL GABLES","FLORIDA","48.5","48.5","Higher Ed","UNIVERSITY OF MIAMI CORAL GABLES","6285350","1822788","7984490","29.0"
"UNIVERSITY OF NEBRASKA LINCOLN","LINCOLN","NEBRASKA","49","48.5","Higher Ed","UNIVERSITY OF NEBRASKA LINCOLN","9950965","3353026","13303991","33.7"
"UNIVERSITY OF NORTH CAROLINA CHARLOTTE","CHARLOTTE","NORTH CAROLINA","48.5","48.5","Higher Ed","UNIVERSITY OF NORTH CAROLINA CHARLOTTE","1752232","538997","2291229","30.8"
"UNIVERSITY OF SOUTH ALABAMA","MOBILE","ALABAMA","48.5","48.5","Higher Ed","UNIVERSITY OF SOUTH ALABAMA","6284914","2731200","8981444","43.5"
"WOMEN AND INFANTS HOSPITAL-RHODE ISLAND","PROVIDENCE","RHODE ISLAND","47","48.5","Hosp","WOMEN AND INFANTS HOSPITAL-RHODE ISLAND","3743477","998107","4492464","26.7"
"SCIENTIFIC ANALYSIS CORPORATION","SAN FRANCISCO","CALIFORNIA","48.2","48.2","NP res inst","SCIENTIFIC ANALYSIS CORPORATION","1224607","566283","1790890","46.2"
"BAYSTATE MEDICAL CENTER","SPRINGFIELD","MASSACHUSETTS","48","48","Hosp","BAYSTATE MEDICAL CENTER","618979","174207","1227196","28.1"
"AUBURN UNIVERSITY AT AUBURN","AUBURN UNIVERSITY","ALABAMA","47.5","48","Higher Ed","AUBURN UNIVERSITY AT AUBURN","1572957","637470","2210427","40.5"
"CALIFORNIA STATE UNIVERSITY SAN MARCOS","SAN MARCOS","CALIFORNIA","48","48","Higher Ed","CALIFORNIA STATE UNIVERSITY SAN MARCOS","1905522","547352","2434018","28.7"
"HAMPTON UNIVERSITY","HAMPTON","VIRGINIA","48","48","Higher Ed","HAMPTON UNIVERSITY","1698644","618846","2317490","36.4"
"HOWARD UNIVERSITY","WASHINGTON","DIST OF COL","48","48","Higher Ed","HOWARD UNIVERSITY","6711927","2174523","8290778","32.4"
"LOUISIANA STATE UNIV A&M COL BATON ROUGE","BATON ROUGE","LOUISIANA","48","48","Higher Ed","LOUISIANA STATE UNIV A&M COL BATON ROUGE","11950018","3293164","14760405","27.6"
"LOUISIANA TECH UNIVERSITY","RUSTON","LOUISIANA","48","48","Higher Ed","LOUISIANA TECH UNIVERSITY","71175","14804","85979","20.8"
"OREGON SOCIAL LEARNING CENTER, INC.","EUGENE","OREGON","48","48","NP res inst","OREGON SOCIAL LEARNING CENTER, INC.","4477689","1853958","6331647","41.4"
"OAKLAND UNIVERSITY","ROCHESTER","MICHIGAN","48","48","Higher Ed","OAKLAND UNIVERSITY","1398344","599805","1998149","42.9"
"SYRACUSE UNIVERSITY","SYRACUSE","NEW YORK","47","48","Higher Ed","SYRACUSE UNIVERSITY","2360609","904736","3265345","38.3"
"UNIVERSITY OF MARYLAND BALT CO CAMPUS","BALTIMORE","MARYLAND","48","48","Higher Ed","UNIVERSITY OF MARYLAND BALT CO CAMPUS","5868983","1381923","7766787","23.5"
"UNIVERSITY OF OKLAHOMA HLTH SCIENCES CTR","OKLAHOMA CITY","OKLAHOMA","48","48","Higher Ed","UNIVERSITY OF OKLAHOMA HLTH SCIENCES CTR","30434563","12142692","42577255","39.9"
"UNIVERSITY OF THE DISTRICT OF COLUMBIA","WASHINGTON","DIST OF COL","48","48","Higher Ed","UNIVERSITY OF THE DISTRICT OF COLUMBIA","401120","28613","429733","7.1"
"WAKE FOREST UNIVERSITY HEALTH SCIENCES","WINSTON-SALEM","NORTH CAROLINA","48","48","Higher Ed","WAKE FOREST UNIVERSITY HEALTH SCIENCES","63685413","22363764","98968006","35.1"
"WEST VIRGINIA UNIVERSITY","MORGANTOWN","WEST VIRGINIA","48","48","Higher Ed","WEST VIRGINIA UNIVERSITY","9421768","3625898","13047666","38.5"
"GEORGIA STATE UNIVERSITY","ATLANTA","GEORGIA","44.5","47.5","Higher Ed","GEORGIA STATE UNIVERSITY","15482496","5032329","20457240","32.5"
"SOUTHERN ILLINOIS UNIVERSITY CARBONDALE","CARBONDALE","ILLINOIS","47.5","47.5","Higher Ed","SOUTHERN ILLINOIS UNIVERSITY CARBONDALE","2163901","834115","2998016","38.5"
"UNIVERSITY OF ARKANSAS AT LITTLE ROCK","LITTLE ROCK","ARKANSAS","47","47.5","Higher Ed","UNIVERSITY OF ARKANSAS AT LITTLE ROCK","134613","28111","162724","20.9"
"UNIVERSITY OF TOLEDO","TOLEDO","OHIO","46","47.5","Higher Ed","UNIVERSITY OF TOLEDO","1430234","653319","2083553","45.7"
"KENT STATE UNIVERSITY AT KENT","KENT","OHIO","47.2","47.2","Higher Ed","KENT STATE UNIVERSITY AT KENT","2318145","674487","2992632","29.1"
"ALLEGHENY-SINGER RESEARCH INSTITUTE","PITTSBURGH","PENNSYLVANIA","47","47","NP res inst","ALLEGHENY-SINGER RESEARCH INSTITUTE","1025397","373174","1398571","36.4"
"LURIE CHILDREN'S HOSPITAL OF CHICAGO","CHICAGO","ILLINOIS","47","47","Hosp","LURIE CHILDREN'S HOSPITAL OF CHICAGO","8132502","1949074","9866503","24.0"
"EAST CAROLINA UNIVERSITY","GREENVILLE","NORTH CAROLINA","44.5","47","Higher Ed","EAST CAROLINA UNIVERSITY","4381188","1639480","6020668","37.4"
"GRAMBLING STATE UNIVERSITY","GRAMBLING","LOUISIANA","47","47","Higher Ed","GRAMBLING STATE UNIVERSITY","364229","25371","330514","7.0"
"NORTHERN ILLINOIS UNIVERSITY","DE KALB","ILLINOIS","47","47","Higher Ed","NORTHERN ILLINOIS UNIVERSITY","404945","129720","534665","32.0"
"SOUTHERN METHODIST UNIVERSITY","DALLAS","TEXAS","46.5","47","Higher Ed","SOUTHERN METHODIST UNIVERSITY","952023","322974","1274997","33.9"
"TUSKEGEE UNIVERSITY","TUSKEGEE","ALABAMA","47","47","Higher Ed","TUSKEGEE UNIVERSITY","2481214","992861","2572695","40.0"
"UNIVERSITY OF ALABAMA IN TUSCALOOSA","TUSCALOOSA","ALABAMA","46","47","Higher Ed","UNIVERSITY OF ALABAMA IN TUSCALOOSA","2367528","706695","3074223","29.8"
"UNIVERSITY OF NEW HAMPSHIRE","DURHAM","NEW HAMPSHIRE","46.5","47","Higher Ed","UNIVERSITY OF NEW HAMPSHIRE","599395","121678","721073","20.3"
"UNIVERSITY OF NORTH TEXAS","DENTON","TEXAS","47","47","Higher Ed","UNIVERSITY OF NORTH TEXAS","734530","176000","910530","24.0"
"UNIVERSITY OF TEXAS DALLAS","RICHARDSON","TEXAS","47","47","Higher Ed","UNIVERSITY OF TEXAS DALLAS","6491762","3070644","9562406","47.3"
"UNIVERSITY OF TEXAS SAN ANTONIO","SAN ANTONIO","TEXAS","47","47","Higher Ed","UNIVERSITY OF TEXAS SAN ANTONIO","7429340","2639710","10035138","35.5"
"FRIENDS RESEARCH INSTITUTE, INC.","BALTIMORE","MARYLAND","46.7","46.7","NP res inst","FRIENDS RESEARCH INSTITUTE, INC.","3101395","904703","4006098","29.2"
"MONELL CHEMICAL SENSES CENTER","PHILADELPHIA","PENNSYLVANIA","46.7","46.7","NP res inst","MONELL CHEMICAL SENSES CENTER","4567612","1813157","6380769","39.7"
"DE PAUL UNIVERSITY","CHICAGO","ILLINOIS","46.5","46.5","Higher Ed","DE PAUL UNIVERSITY","791840","315460","1107300","39.8"
"EASTERN VIRGINIA MEDICAL SCHOOL","NORFOLK","VIRGINIA","46.5","46.5","Higher Ed","EASTERN VIRGINIA MEDICAL SCHOOL","2368888","944378","4066268","39.9"
"UNIVERSITY OF ALABAMA AT BIRMINGHAM","BIRMINGHAM","ALABAMA","46.5","46.5","Higher Ed","UNIVERSITY OF ALABAMA AT BIRMINGHAM","138272661","43002852","188847448","31.1"
"UNIVERSITY OF SOUTHERN MISSISSIPPI","HATTIESBURG","MISSISSIPPI","46.5","46.5","Higher Ed","UNIVERSITY OF SOUTHERN MISSISSIPPI","3145000","932325","4077325","29.6"
"DELAWARE STATE UNIVERSITY","DOVER","DELAWARE","46","46","Higher Ed","DELAWARE STATE UNIVERSITY","3120867","533009","3653876","17.1"
"EAST TENNESSEE STATE UNIVERSITY","JOHNSON CITY","TENNESSEE","46","46","Higher Ed","EAST TENNESSEE STATE UNIVERSITY","3206744","1172391","4379135","36.6"
"FLORIDA AGRICULTURAL AND MECHANICAL UNIV","TALLAHASSEE","FLORIDA","46","46","Higher Ed","FLORIDA AGRICULTURAL AND MECHANICAL UNIV","3361168","1229041","4590209","36.6"
"MIRIAM HOSPITAL","PROVIDENCE","RHODE ISLAND","46","46","Hosp","MIRIAM HOSPITAL","13596519","3442066","16771228","25.3"
"TEXAS A&M UNIVERSITY","COLLEGE STATION","TEXAS","46.5","46","Higher Ed","TEXAS A&M UNIVERSITY","11581045","3488222","14950767","30.1"
"TEXAS A&M UNIVERSITY HEALTH SCIENCE CTR","COLLEGE STATION","TEXAS","46.5","46","Higher Ed","TEXAS A&M UNIVERSITY HEALTH SCIENCE CTR","11383974","4295455","15679429","37.7"
"TEXAS AGRILIFE RESEARCH","COLLEGE STATION","TEXAS","46.5","46","Higher Ed","TEXAS AGRILIFE RESEARCH","2350382","857190","3206406","36.5"
"TEXAS ENGINEERING EXPERIMENT STATION","COLLEGE STATION","TEXAS","46.5","46","Higher Ed","TEXAS ENGINEERING EXPERIMENT STATION","1491349","608818","2100167","40.8"
"WESTERN UNIVERSITY OF HEALTH SCIENCES","POMONA","CALIFORNIA","49","46","Higher Ed","WESTERN UNIVERSITY OF HEALTH SCIENCES","660600","288686","949286","43.7"
"WICHITA STATE UNIVERSITY","WICHITA","KANSAS","46","46","Higher Ed","WICHITA STATE UNIVERSITY","1041599","281044","1322643","27.0"
"WRIGHT STATE UNIVERSITY","DAYTON","OHIO","46","46","Higher Ed","WRIGHT STATE UNIVERSITY","4422281","1593718","6015999","36.0"
"CLEVELAND STATE UNIVERSITY","CLEVELAND","OHIO","42","45.5","Higher Ed","CLEVELAND STATE UNIVERSITY","1212120","519591","1731711","42.9"
"MEHARRY MEDICAL COLLEGE","NASHVILLE","TENNESSEE","46","45.5","Higher Ed","MEHARRY MEDICAL COLLEGE","16783362","4316898","20382677","25.7"
"PORTLAND STATE UNIVERSITY","PORTLAND","OREGON","46","45.5","Higher Ed","PORTLAND STATE UNIVERSITY","2897762","886954","3784716","30.6"
"UNIVERSITY OF NORTH CAROLINA WILMINGTON","WILMINGTON","NORTH CAROLINA","45.5","45.5","Higher Ed","UNIVERSITY OF NORTH CAROLINA WILMINGTON","160402","74587","234989","46.5"
"UNIVERSITY OF IDAHO","MOSCOW","IDAHO","45.2","45.3","Higher Ed","UNIVERSITY OF IDAHO","4588440","1007411","5595851","22.0"
"MARSHALL UNIVERSITY","HUNTINGTON","WEST VIRGINIA","42","45.1","Higher Ed","MARSHALL UNIVERSITY","3229719","835663","4065382","25.9"
"ALABAMA STATE UNIVERSITY","MONTGOMERY","ALABAMA","45","45","Higher Ed","ALABAMA STATE UNIVERSITY","335765","25703","361468","7.7"
"BASTYR UNIVERSITY","KENMORE","WASHINGTON","42","45","Higher Ed","BASTYR UNIVERSITY","1626291","247074","1486578","15.2"
"CALIFORNIA STATE POLY U POMONA","POMONA","CALIFORNIA","45","45","Higher Ed","CALIFORNIA STATE POLY U POMONA","287329","119478","406807","41.6"
"CALIFORNIA STATE UNIVERSITY LOS ANGELES","LOS ANGELES","CALIFORNIA","45","45","Higher Ed","CALIFORNIA STATE UNIVERSITY LOS ANGELES","3327503","595353","3922856","17.9"
"CALIFORNIA STATE UNIVERSITY NORTHRIDGE","NORTHRIDGE","CALIFORNIA","45","45","Higher Ed","CALIFORNIA STATE UNIVERSITY NORTHRIDGE","3539929","1091994","4243269","30.8"
"CHAMINADE UNIVERSITY OF HONOLULU","HONOLULU","HAWAII","45","45","Higher Ed","CHAMINADE UNIVERSITY OF HONOLULU","638059","277556","696991","43.5"
"CHICAGO STATE UNIVERSITY","CHICAGO","ILLINOIS","45","45","Higher Ed","CHICAGO STATE UNIVERSITY","873575","274164","1147739","31.4"
"CHRISTIAN BROTHERS UNIVERSITY","MEMPHIS","TENNESSEE","45","45","Higher Ed","CHRISTIAN BROTHERS UNIVERSITY","210375","16089","226464","7.6"
"DILLARD UNIVERSITY","NEW ORLEANS","LOUISIANA","45","45","Higher Ed","DILLARD UNIVERSITY","6737218","197152","6934370","2.9"
"FLORIDA INSTITUTE OF TECHNOLOGY","MELBOURNE","FLORIDA","45","45","Higher Ed","FLORIDA INSTITUTE OF TECHNOLOGY","171963","67458","239421","39.2"
"FLORIDA INTERNATIONAL UNIVERSITY","MIAMI","FLORIDA","45","45","Higher Ed","FLORIDA INTERNATIONAL UNIVERSITY","10313399","3382291","13695690","32.8"
"LOUISIANA STATE UNIV-UNIV OF NEW ORLEANS","NEW ORLEANS","LOUISIANA","45","45","Higher Ed","LOUISIANA STATE UNIV-UNIV OF NEW ORLEANS","166705","70697","237402","42.4"
"SOUTH DAKOTA STATE UNIVERSITY","BROOKINGS","SOUTH DAKOTA","45","45","Higher Ed","SOUTH DAKOTA STATE UNIVERSITY","512851","163156","676007","31.8"
"TOWSON UNIVERSITY","TOWSON","MARYLAND","45","45","Higher Ed","TOWSON UNIVERSITY","98550","7884","106434","8.0"
"UNIVERSITY OF BRITISH COLUMBIA","VANCOUVER","CANADA","45","45","Higher Ed","UNIVERSITY OF BRITISH COLUMBIA","5352479","404510","5756989","7.6"
"UNIVERSITY OF CENTRAL FLORIDA","ORLANDO","FLORIDA","45","45","Higher Ed","UNIVERSITY OF CENTRAL FLORIDA","5239152","1970634","7209786","37.6"
"UNIVERSITY OF NORTH TEXAS HLTH SCI CTR","FORT WORTH","TEXAS","45","45","Higher Ed","UNIVERSITY OF NORTH TEXAS HLTH SCI CTR","7820238","2753216","11428326","35.2"
"UNIVERSITY OF OREGON","EUGENE","OREGON","42","45","Higher Ed","UNIVERSITY OF OREGON","19942688","6971657","26914345","35.0"
"UNIVERSITY OF SOUTH CAROLINA AT COLUMBIA","COLUMBIA","SOUTH CAROLINA","45","45","Higher Ed","UNIVERSITY OF SOUTH CAROLINA AT COLUMBIA","23437447","6725383","30162830","28.7"
"CALIFORNIA STATE UNIVERSITY LONG BEACH","LONG BEACH","CALIFORNIA","44.5","44.5","Higher Ed","CALIFORNIA STATE UNIVERSITY LONG BEACH","3141910","1082668","3803393","34.5"
"CREIGHTON UNIVERSITY","OMAHA","NEBRASKA","44.5","44.5","Higher Ed","CREIGHTON UNIVERSITY","5807240","2174985","7982225","37.5"
"MISSISSIPPI STATE UNIVERSITY","MISSISSIPPI STATE","MISSISSIPPI","44.5","44.5","Higher Ed","MISSISSIPPI STATE UNIVERSITY","3484964","1073472","4558436","30.8"
"ROCHESTER INSTITUTE OF TECHNOLOGY","ROCHESTER","NEW YORK","44.5","44.5","Higher Ed","ROCHESTER INSTITUTE OF TECHNOLOGY","830290","333912","1164202","40.2"
"UNIVERSITY OF SOUTH DAKOTA","VERMILLION","SOUTH DAKOTA","44","44.5","Higher Ed","UNIVERSITY OF SOUTH DAKOTA","5669847","1102344","6772191","19.4"
"CAROLINAS MEDICAL CENTER","CHARLOTTE","NORTH CAROLINA","44","44","Hosp","CAROLINAS MEDICAL CENTER","3551344","568269","4119613","16.0"
"ILLINOIS STATE UNIVERSITY","NORMAL","ILLINOIS","44","44","Higher Ed","ILLINOIS STATE UNIVERSITY","744983","314593","1059576","42.2"
"LOUISIANA STATE UNIV-UNIV OF NEW ORLEANS","NEW ORLEANS","LOUISIANA","44","44","Higher Ed","LOUISIANA STATE UNIV-UNIV OF NEW ORLEANS","166705","70697","237402","42.4"
"LOUISIANA STATE UNIV HSC SHREVEPORT","SHREVEPORT","LOUISIANA","44","44","Higher Ed","LOUISIANA STATE UNIV HSC SHREVEPORT","4657018","1637370","5882603","35.2"
"LSU PENNINGTON BIOMEDICAL RESEARCH CTR","BATON ROUGE","LOUISIANA","44","44","Higher Ed","LSU PENNINGTON BIOMEDICAL RESEARCH CTR","12107510","4523345","16549727","37.4"
"MONTANA STATE UNIVERSITY - BOZEMAN","BOZEMAN","MONTANA","42.5","44","Higher Ed","MONTANA STATE UNIVERSITY - BOZEMAN","10351152","3174640","13525792","30.7"
"UNIVERSITY OF ARKANSAS AT FAYETTEVILLE","FAYETTEVILLE","ARKANSAS","44","44","Higher Ed","UNIVERSITY OF ARKANSAS AT FAYETTEVILLE","1523263","543157","2066420","35.7"
"UNIVERSITY OF MISSISSIPPI","UNIVERSITY","MISSISSIPPI","43","44","Higher Ed","UNIVERSITY OF MISSISSIPPI","2824021","1116789","4787692","39.5"
"UNIVERSITY OF NEVADA LAS VEGAS","LAS VEGAS","NEVADA","44","44","Higher Ed","UNIVERSITY OF NEVADA LAS VEGAS","5589016","1133805","6722821","20.3"
"UNIVERSITY OF TEXAS-PAN AMERICAN","EDINBURG","TEXAS","44","44","Higher Ed","UNIVERSITY OF TEXAS-PAN AMERICAN","363687","50782","414469","14.0"
"A.T. STILL UNIVERSITY OF HEALTH SCIENCES","KIRKSVILLE","MISSOURI","43.5","43.5","Higher Ed","A.T. STILL UNIVERSITY OF HEALTH SCIENCES","193405","15057","208462","7.8"
"UNIVERSITY OF NEVADA RENO","RENO","NEVADA","43.5","43.5","Higher Ed","UNIVERSITY OF NEVADA RENO","12790267","4238424","17028691","33.1"
"UNIVERSITY OF NORTH CAROLINA GREENSBORO","GREENSBORO","NORTH CAROLINA","43.5","43.5","Higher Ed","UNIVERSITY OF NORTH CAROLINA GREENSBORO","4642223","1465723","6107946","31.6"
"SAN JOSE STATE UNIVERSITY","SAN JOSE","CALIFORNIA","43.4","43.4","Higher Ed","SAN JOSE STATE UNIVERSITY","1159426","268864","1428290","23.2"
"AMERICAN UNIVERSITY","WASHINGTON","DIST OF COL","43","43","Higher Ed","AMERICAN UNIVERSITY","1543612","384231","1927843","24.9"
"CALIFORNIA STATE UNIV SAN BERNARDINO","SAN BERNARDINO","CALIFORNIA","43","43","Higher Ed","CALIFORNIA STATE UNIV SAN BERNARDINO","1435768","342104","1754004","23.8"
"CENTRAL MICHIGAN UNIVERSITY","MOUNT PLEASANT","MICHIGAN","43","43","Higher Ed","CENTRAL MICHIGAN UNIVERSITY","586625","233665","817317","39.8"
"IHC HEALTH SERVICES, INC.","SALT LAKE CITY","UTAH","43","43","NP res inst","IHC HEALTH SERVICES, INC.","244886","19591","618937","8.0"
"LOYOLA UNIVERSITY OF CHICAGO","CHICAGO","ILLINOIS","41.5","43","Higher Ed","LOYOLA UNIVERSITY OF CHICAGO","249622","86296","335918","34.6"
"UNIVERSITY OF LOUISIANA AT LAFAYETTE","LAFAYETTE","LOUISIANA","43","43","Higher Ed","UNIVERSITY OF LOUISIANA AT LAFAYETTE","854112","330208","1184320","38.7"
"UNIVERSITY OF NEBRASKA OMAHA","OMAHA","NEBRASKA","41","43","Higher Ed","UNIVERSITY OF NEBRASKA OMAHA","145329","48489","193818","33.4"
"UNIVERSITY OF TEXAS HLTH CTR AT TYLER","TYLER","TEXAS","41","43","Higher Ed","UNIVERSITY OF TEXAS HLTH CTR AT TYLER","1279200","390073","1669273","30.5"
"UNIVERSITY OF MAINE ORONO","BANGOR","MAINE","42.8","42.8","Higher Ed","UNIVERSITY OF MAINE ORONO","644652","147343","791995","22.9"
"TEXAS WOMAN'S UNIVERSITY","DENTON","TEXAS","56.1","42.7","Higher Ed","TEXAS WOMAN'S UNIVERSITY","79548","6364","85912","8.0"
"NORTH CAROLINA AGRI & TECH ST UNIV","GREENSBORO","NORTH CAROLINA","42.5","42.5","Higher Ed","NORTH CAROLINA AGRI & TECH ST UNIV","1195007","214771","1409778","18.0"
"UNIVERSITY OF THE SCIENCES PHILADELPHIA","PHILADELPHIA","PENNSYLVANIA","42.5","42.5","Higher Ed","UNIVERSITY OF THE SCIENCES PHILADELPHIA","233184","11651","244835","5.0"
"CALIFORNIA STATE UNIV-DOMINGUEZ HILLS","CARSON","CALIFORNIA","42","42","Higher Ed","CALIFORNIA STATE UNIV-DOMINGUEZ HILLS","508840","39250","513866","7.7"
"LOUISIANA STATE UNIV AGRICULTURAL CENTER","BATON ROUGE","LOUISIANA","42","42","Higher Ed","LOUISIANA STATE UNIV AGRICULTURAL CENTER","573682","104068","677750","18.1"
"MIAMI UNIVERSITY OXFORD","OXFORD","OHIO","42","42","Higher Ed","MIAMI UNIVERSITY OXFORD","1951353","657704","2609057","33.7"
"MOREHOUSE COLLEGE","ATLANTA","GEORGIA","42","42","Higher Ed","MOREHOUSE COLLEGE","1209783","323353","1253331","26.7"
"TEL AVIV UNIVERSITY","TEL AVIV","ISRAEL","42","42","Higher Ed","TEL AVIV UNIVERSITY","486031","38882","524913","8.0"
"UNIVERSITY OF MONTANA","MISSOULA","MONTANA","42","42","Higher Ed","UNIVERSITY OF MONTANA","6280292","2172066","8452358","34.6"
"PALO ALTO MEDICAL FOUNDATION RES INST","PALO ALTO","CALIFORNIA","41.8","41.8","NP res inst","PALO ALTO MEDICAL FOUNDATION RES INST","1864630","552136","2416766","29.6"
"UNIVERSITY OF HOUSTON-DOWNTOWN","HOUSTON","TEXAS","50","41.6","Higher Ed","UNIVERSITY OF HOUSTON-DOWNTOWN","100000","6109","106109","6.1"
"MOREHOUSE SCHOOL OF MEDICINE","ATLANTA","GEORGIA","41.5","41.5","Higher Ed","MOREHOUSE SCHOOL OF MEDICINE","23150248","6739847","27800365","29.1"
"UNIVERSITY OF WYOMING","LARAMIE","WYOMING","41.5","41.5","Higher Ed","UNIVERSITY OF WYOMING","5305150","2073843","7378993","39.1"
"CLARIAN HEALTH PARTNERS, INC.","INDIANAPOLIS","INDIANA","41","41","Hosp","CLARIAN HEALTH PARTNERS, INC.","48250","16888","65138","35.0"
"CHARLES R. DREW UNIVERSITY OF MED & SCI","LOS ANGELES","CALIFORNIA","41","41","Higher Ed","CHARLES R. DREW UNIVERSITY OF MED & SCI","14535226","2360233","16209303","16.2"
"PALO ALTO INSTITUTE FOR RES & EDU, INC.","PALO ALTO","CALIFORNIA","41","41","NP res inst","PALO ALTO INSTITUTE FOR RES & EDU, INC.","12458974","3740842","16141630","30.0"
"UNIVERSITY OF MEMPHIS","MEMPHIS","TENNESSEE","41","41","Higher Ed","UNIVERSITY OF MEMPHIS","2926876","738150","3665026","25.2"
"WAKE FOREST UNIVERSITY","WINSTON-SALEM","NORTH CAROLINA","41","41","Higher Ed","WAKE FOREST UNIVERSITY","2204293","465893","2792286","21.1"
"BUTLER HOSPITAL (PROVIDENCE, RI)","PROVIDENCE","RHODE ISLAND","37.5","40.7","Hosp","BUTLER HOSPITAL (PROVIDENCE, RI)","6948985","1957362","8906347","28.2"
"COLORADO CANCER RESEARCH PROGRAM, INC.","DENVER","COLORADO","40.3","40.3","NP res inst","COLORADO CANCER RESEARCH PROGRAM, INC.","805871","330407","1136278","41.0"
"BALL STATE UNIVERSITY","MUNCIE","INDIANA","40","40","Higher Ed","BALL STATE UNIVERSITY","490794","204903","695697","41.7"
"NORTH CAROLINA CENTRAL UNIVERSITY","DURHAM","NORTH CAROLINA","40","40","Higher Ed","NORTH CAROLINA CENTRAL UNIVERSITY","3098020","1117852","3751012","36.1"
"VETERANS MEDICAL RESEARCH FDN/SAN DIEGO","SAN DIEGO","CALIFORNIA","39.2","39.2","NP res inst","VETERANS MEDICAL RESEARCH FDN/SAN DIEGO","7215210","2379067","9335440","33.0"
"CALIFORNIA STATE UNIVERSITY FULLERTON","FULLERTON","CALIFORNIA","39.1","39.1","Higher Ed","CALIFORNIA STATE UNIVERSITY FULLERTON","2533049","366170","2895311","14.5"
"BOISE STATE UNIVERSITY","BOISE","IDAHO","39","39","Higher Ed","BOISE STATE UNIVERSITY","339896","81342","421238","23.9"
"BOWLING GREEN STATE UNIVERSITY","BOWLING GREEN","OHIO","39","39","Higher Ed","BOWLING GREEN STATE UNIVERSITY","1550835","490902","2041737","31.7"
"CALIFORNIA POLY STATE U SAN LUIS OBISPO","SAN LUIS OBISPO","CALIFORNIA","38","39","Higher Ed","CALIFORNIA POLY STATE U SAN LUIS OBISPO","1675641","337688","2013329","20.2"
"KENNESAW STATE UNIVERSITY","KENNESAW","GEORGIA","39","39","Higher Ed","KENNESAW STATE UNIVERSITY","428000","151817","579817","35.5"
"TEXAS A&M INTERNATIONAL UNIVERSITY","LAREDO","TEXAS","52","39","Higher Ed","TEXAS A&M INTERNATIONAL UNIVERSITY","98525","8263","106788","8.4"
"UNIVERSITY OF WESTERN STATES","PORTLAND","OREGON","35","39","Higher Ed","UNIVERSITY OF WESTERN STATES","588439","85499","673938","14.5"
"CALIFORNIA STATE UNIVERSITY FRESNO","FRESNO","CALIFORNIA","38.4","38.4","Higher Ed","CALIFORNIA STATE UNIVERSITY FRESNO","72375","27792","100167","38.4"
"UNIVERSITY OF CALGARY","CALGARY","CANADA","38.3","38.3","Higher Ed","UNIVERSITY OF CALGARY","461371","35656","497027","7.7"
"AMERICAN ACADEMY OF PEDIATRICS","ELK GROVE VILLAGE","ILLINOIS","38","38","NP res inst","AMERICAN ACADEMY OF PEDIATRICS","284261","88392","372653","31.1"
"ALCORN STATE UNIVERSITY","ALCORN STATE","MISSISSIPPI","35","38","Higher Ed","ALCORN STATE UNIVERSITY","210375","16638","227013","7.9"
"CALIFORNIA STATE UNIVERSITY SACRAMENTO","SACRAMENTO","CALIFORNIA","38","38","Higher Ed","CALIFORNIA STATE UNIVERSITY SACRAMENTO","213855","52142","265997","24.4"
"FORT LEWIS COLLEGE","DURANGO","COLORADO","38","38","Higher Ed","FORT LEWIS COLLEGE","256395","16205","272600","6.3"
"LOYOLA MARYMOUNT UNIVERSITY","LOS ANGELES","CALIFORNIA","38","38","Higher Ed","LOYOLA MARYMOUNT UNIVERSITY","229971","73980","303951","32.2"
"SUMMA HEALTH SYSTEM","AKRON","OHIO","38","38","NP res inst","SUMMA HEALTH SYSTEM","320616","109608","430224","34.2"
"TENNESSEE STATE UNIVERSITY","NASHVILLE","TENNESSEE","38","38","Higher Ed","TENNESSEE STATE UNIVERSITY","881291","205842","1082942","23.4"
"TEXAS A&M UNIVERSITY-KINGSVILLE","KINGSVILLE","TEXAS","52","38","Higher Ed","TEXAS A&M UNIVERSITY-KINGSVILLE","363863","126131","489994","34.7"
"UNIVERSITY OF HAWAII AT MANOA","HONOLULU","HAWAII","36.7","36.7","Higher Ed","UNIVERSITY OF HAWAII AT MANOA","28500551","9252725","36624663","32.5"
"BAYLOR UNIVERSITY","WACO","TEXAS","37","36.5","Higher Ed","BAYLOR UNIVERSITY","210767","55246","266013","26.2"
"NEMOURS CHILDREN'S CLINIC","JACKSONVILLE","FLORIDA","35.5","36.5","NP res inst","NEMOURS CHILDREN'S CLINIC","883886","235965","1119851","26.7"
"BETH ISRAEL MEDICAL CTR (NEW YORK)","NEWARK","NEW JERSEY","36.4","36.4","Hosp","BETH ISRAEL MEDICAL CTR (NEW YORK)","590234","233268","823502","39.5"
"TEXAS A&M UNIVERSITY-CORPUS CHRISTI","COMMERCE","TEXAS","52","36","Higher Ed","TEXAS A&M UNIVERSITY-CORPUS CHRISTI","171287","47400","218687","27.7"
"NORTHWEST PORTLAND AREA INDIAN HLTH BD","PORTLAND","OREGON","35.9","35.9","NP res inst","NORTHWEST PORTLAND AREA INDIAN HLTH BD","415682","142475","558157","34.3"
"UNIVERSITY OF NORTHERN COLORADO","GREELEY","COLORADO","35.6","35.6","Higher Ed","UNIVERSITY OF NORTHERN COLORADO","300000","93870","393870","31.3"
"ALCORN STATE UNIVERSITY","ALCORN STATE","MISSISSIPPI","35.5","35.5","Higher Ed","ALCORN STATE UNIVERSITY","210375","16638","227013","7.9"
"DENVER HEALTH AND HOSPITAL AUTHORITY","DENVER","COLORADO","35.5","35.5","NP res inst","DENVER HEALTH AND HOSPITAL AUTHORITY","917669","88384","1103869","9.6"
"SULLIVAN ALLIANCE/TRANSFORM/HLTH/PROFESS","WASHINGTON","DIST OF COL","35.5","35.5","NP res inst","SULLIVAN ALLIANCE/TRANSFORM/HLTH/PROFESS","974905","192641","858952","19.8"
"PARK NICOLLET INSTITUTE","MINNEAPOLIS","MINNESOTA","35.3","35.3","NP res inst","PARK NICOLLET INSTITUTE","1898403","666948","2565351","35.1"
"WESTERN INTERSTATE COMMISSION HIGHER ED","BOULDER","COLORADO","35.1","35.1","NP res inst","WESTERN INTERSTATE COMMISSION HIGHER ED","254814","18518","273332","7.3"
"AZUSA PACIFIC UNIVERSITY","AZUSA","CALIFORNIA","35","35","Higher Ed","AZUSA PACIFIC UNIVERSITY","190809","15265","206074","8.0"
"INTERNATIONAL ASSOCIATION FIRE FIGHTERS","WASHINGTON","DIST OF COL","35","35","NP res inst","INTERNATIONAL ASSOCIATION FIRE FIGHTERS","1316206","101558","1403950","7.7"
"NEW HANOVER REGIONAL MEDICAL CENTER","WILMINGTON","NORTH CAROLINA","35","35","Hosp","NEW HANOVER REGIONAL MEDICAL CENTER","498833","174081","672914","34.9"
"NORTHERN KENTUCKY UNIVERSITY","HIGHLAND HEIGHTS","KENTUCKY","35","35","Higher Ed","NORTHERN KENTUCKY UNIVERSITY","230000","81420","311420","35.4"
"SEATTLE INST FOR BIOMEDICAL/CLINICAL RES","SEATTLE","WASHINGTON","35","35","NP res inst","SEATTLE INST FOR BIOMEDICAL/CLINICAL RES","4847651","1204178","5851829","24.8"
"WARREN CANCER RESEARCH FOUNDATION","TULSA","OKLAHOMA","34","34","NP res inst","WARREN CANCER RESEARCH FOUNDATION","353236","89803","424982","25.4"
"SOUTHERN CALIFORNIA INST FOR RES/EDUC","LONG BEACH","CALIFORNIA","33.3","33.3","NP res inst","SOUTHERN CALIFORNIA INST FOR RES/EDUC","1686849","330465","2017314","19.6"
"COLLEGE OF ST SCHOLASTICA","DULUTH","MINNESOTA","32.8","33.2","Higher Ed","COLLEGE OF ST SCHOLASTICA","49916","0","49916","0.0"
"CHESTNUT HEALTH SYSTEMS, INC.","BLOOMINGTON","ILLINOIS","33.1","33.1","NP res inst","CHESTNUT HEALTH SYSTEMS, INC.","1577982","491497","2069479","31.1"
"RAPID CITY REGIONAL HOSPITAL","RAPID CITY","SOUTH DAKOTA","32.8","32.8","Hosp","RAPID CITY REGIONAL HOSPITAL","480160","111258","451169","23.2"
"CLAREMONT GRADUATE UNIVERSITY","CLAREMONT","CALIFORNIA","32.3","32.3","Higher Ed","CLAREMONT GRADUATE UNIVERSITY","2517655","802085","3319740","31.9"
"TACOMA GENERAL HOSPITAL","TACOMA","WASHINGTON","23.6","32.1","Hosp","TACOMA GENERAL HOSPITAL","605973","68732","605178","11.3"
"METROPOLITAN STATE COLLEGE OF DENVER","DENVER","COLORADO","33","32","Higher Ed","METROPOLITAN STATE COLLEGE OF DENVER","248087","16799","173796","6.8"
"SPARTANBURG REGIONAL MEDICAL CENTER","SPARTANBURG","SOUTH CAROLINA","32","32","Hosp","SPARTANBURG REGIONAL MEDICAL CENTER","1202734","330594","1533328","27.5"
"UNIVERSITY OF WATERLOO","WATERLOO","CANADA","31.9","31.9","Higher Ed","UNIVERSITY OF WATERLOO","903630","63561","967191","7.0"
"WHITTEMORE PETERSON INSTITUTE","Reno","NEVADA","31.8","31.8","NP res inst","WHITTEMORE PETERSON INSTITUTE","248749","35944","284693","14.4"
"BOYCE THOMPSON INST FOR PLANT RESEARCH","ITHACA","NEW YORK","24.7","31.5","NP res inst","BOYCE THOMPSON INST FOR PLANT RESEARCH","542083","182298","724381","33.6"
"GEORGIA SOUTHERN UNIVERSITY","STATESBORO","GEORGIA","31","31","Higher Ed","GEORGIA SOUTHERN UNIVERSITY","1193763","286026","1479789","24.0"
"LAHEY CLINIC","BURLINGTON","MASSACHUSETTS","31","31","Hosp","LAHEY CLINIC","215000","62000","273000","28.8"
"TEXAS A&M UNIVERSITY-CORPUS CHRISTI","CORPUS CHRISTI","TEXAS","31","31","Higher Ed","TEXAS A&M UNIVERSITY-CORPUS CHRISTI","171287","47400","218687","27.7"
"BRONX-LEBANON HOSP CTR (BRONX, NY)","NEW YORK","NEW YORK","30.6","30.6","Hosp","BRONX-LEBANON HOSP CTR (BRONX, NY)","683276","132256","604491","19.4"
"EMMA PENDLETON BRADLEY HOSPITAL","EAST PROVIDENCE","RHODE ISLAND","30.6","30.6","Hosp","EMMA PENDLETON BRADLEY HOSPITAL","533595","208119","741714","39.0"
"ARBOR RESEARCH COLLABORATIVE FOR  HEALTH","ANN ARBOR","MICHIGAN","30.3","30.3","NP res inst","ARBOR RESEARCH COLLABORATIVE FOR  HEALTH","1160099","287639","1447738","24.8"
"HEKTOEN INSTITUTE FOR MEDICAL RESEARCH","CHICAGO","ILLINOIS","30.3","30.3","NP res inst","HEKTOEN INSTITUTE FOR MEDICAL RESEARCH","4027690","592041","4361477","14.7"
"SEPULVEDA RESEARCH CORPORATION","SEPULVEDA","CALIFORNIA","30.1","30.1","NP res inst","SEPULVEDA RESEARCH CORPORATION","551185","140398","1094337","25.5"
"FLORIDA ASSN OF PEDIATRIC TUMOR PROG","TAMPA","FLORIDA","30","30","NP res inst","FLORIDA ASSN OF PEDIATRIC TUMOR PROG","542489","21276","503765","3.9"
"PANGAEA GLOBAL AIDS FOUNDATION","OAKLAND","CALIFORNIA","30","30","NP res inst","PANGAEA GLOBAL AIDS FOUNDATION","369520","82033","451553","22.2"
"SHEPPARD AND ENOCH PRATT HOSPITAL","BALTIMORE","MARYLAND","30","30","Hosp","SHEPPARD AND ENOCH PRATT HOSPITAL","156993","71828","228821","45.8"
"SOUTH CAROLINA STATE UNIVERSITY","ORANGEBURG","SOUTH CAROLINA","30","30","Higher Ed","SOUTH CAROLINA STATE UNIVERSITY","74575","22373","73904","30.0"
"PHOENIX CHILDREN'S HOSPITAL","PHOENIX","ARIZONA","55","29.8","Hosp","PHOENIX CHILDREN'S HOSPITAL","167408","92074","259482","55.0"
"MIDDLE TENNESSEE STATE UNIVERSITY","MURFREESBORO","TENNESSEE","29","29","Higher Ed","MIDDLE TENNESSEE STATE UNIVERSITY","190000","52896","242896","27.8"
"TOUGALOO COLLEGE","TOUGALOO","MISSISSIPPI","29","29","Higher Ed","TOUGALOO COLLEGE","0","0","1392386",0
"AMERICAN ACADEMY OF ORTHOPAEDIC SURGEONS","ROSEMONT","ILLINOIS","New","28.4","NP res inst","AMERICAN ACADEMY OF ORTHOPAEDIC SURGEONS","15000","0","15000","0.0"
"COLLABORATIVE DRUG DISCOVERY, INC.","Ann Arbor","CALIFORNIA","28.3","28.3","Other","COLLABORATIVE DRUG DISCOVERY, INC.","0","0","1542180",0
"GUNDERSEN LUTHERAN MEDICAL FOUNDATION","LA CROSSE","WISCONSIN","28","28","NP res inst","GUNDERSEN LUTHERAN MEDICAL FOUNDATION","526713","47787","445370","9.1"
"PHOENIX BIOSYSTEM, INC.","Columbia","CALIFORNIA","28","28","Other","PHOENIX BIOSYSTEM, INC.","0","0","1355176",0
"AURORA HEALTH CARE, INC.","MILWAUKEE","WISCONSIN","27","27","NP res inst","AURORA HEALTH CARE, INC.","379919","98779","478698","26.0"
"CARL T. HAYDEN MEDICAL RESEARCH FDN","PHOENIX","ARIZONA","26.3","26.3","NP res inst","CARL T. HAYDEN MEDICAL RESEARCH FDN","499248","95623","594871","19.2"
"DAVIDSON COLLEGE","DAVIDSON","NORTH CAROLINA","25.1","25.1","Higher Ed","DAVIDSON COLLEGE","879728","219433","1099161","24.9"
"AMERICAN COLLEGE OF RHEUMATOLOGY","ATLANTA","GEORGIA","New","25","NP res inst","AMERICAN COLLEGE OF RHEUMATOLOGY","83000","0","83000","0.0"
"BRENTWOOD BIOMEDICAL RESEARCH INSTITUTE","LOS ANGELES","CALIFORNIA","24.4","24.4","NP res inst","BRENTWOOD BIOMEDICAL RESEARCH INSTITUTE","3489897","567555","4057452","16.3"
"MOREHEAD STATE UNIVERSITY","MOREHEAD","KENTUCKY","24","24","Higher Ed","MOREHEAD STATE UNIVERSITY","484902","113523","598425","23.4"
"SALISH KOOTENAI COLLEGE","PABLO","MONTANA","24","24","Higher Ed","SALISH KOOTENAI COLLEGE","479090","52004","531094","10.9"
"CHICAGO ASSN FOR RESEARCH & EDUC IN SCI","HINES","ILLINOIS","22.5","22.5","NP res inst","CHICAGO ASSN FOR RESEARCH & EDUC IN SCI","579896","57680","637576","9.9"
"OLIVE VIEW-UCLA EDUCATION AND RES INST","","CALIFORNIA","21","21","Other","OLIVE VIEW-UCLA EDUCATION AND RES INST","0","0","674561",0
"AMERICAN CANCER SOCIETY, INC.","ATLANTA","GEORGIA","20.5","20.5","NP res inst","AMERICAN CANCER SOCIETY, INC.","241947","32575","274522","13.5"
"SEQUOIA FOUNDATION","LA JOLLA","CALIFORNIA","20.1","20.1","NP res inst","SEQUOIA FOUNDATION","47382","0","47382","0.0"
"NATIONAL PARTNERSHIP/ENVIRONMNTL/TECH/ED","SOUTH PORTLAND","MAINE","","20","NP res inst","NATIONAL PARTNERSHIP/ENVIRONMNTL/TECH/ED","799185","51335","791159","6.4"
"AMERICAN SOCIETY FOR MICROBIOLOGY","WASHINGTON","DIST OF COL","18","18","NP res inst","AMERICAN SOCIETY FOR MICROBIOLOGY","794000","60800","854800","7.7"
"ALBANY RESEARCH INSTITUTE, INC.","ALBANY","NEW YORK","22","17.9","NP res inst","ALBANY RESEARCH INSTITUTE, INC.","216992","45512","262504","21.0"
"AMERICAN PHYSIOLOGICAL SOCIETY","BETHESDA","MARYLAND","17.5","17.5","NP res inst","AMERICAN PHYSIOLOGICAL SOCIETY","328981","25918","354899","7.9"
"PUBLIC HEALTH INSTITUTE","OAKLAND","CALIFORNIA","16.3","16.5","NP res inst","PUBLIC HEALTH INSTITUTE","4032635","1651350","6070096","40.9"
"MICHIGAN PUBLIC HEALTH INSTITUTE","OKEMOS","MICHIGAN","15.3","16.3","NP res inst","MICHIGAN PUBLIC HEALTH INSTITUTE","779095","52666","831761","6.8"
"NSABP FOUNDATION, INC.","PITTSBURGH","PENNSYLVANIA","16.2","16.2","NP res inst","NSABP FOUNDATION, INC.","10624498","1721411","9681783","16.2"
"SEIU EDUCATION AND SUPPORT FUND","WASHINGTON","DIST OF COL","16","16","NP res inst","SEIU EDUCATION AND SUPPORT FUND","627041","40129","667170","6.4"
"OREGON LAW CENTER","PORTLAND","OREGON","New","10.2","NP res inst","OREGON LAW CENTER","412364","32989","445353","8.0"
"GYNECOLOGIC ONCOLOGY GROUP","CROFTON","MARYLAND","9","9","NP res inst","GYNECOLOGIC ONCOLOGY GROUP","14385805","874965","13056414","6.1"
"PUBLIC HEALTH FOUNDATION ENTERPRISES","CITY OF INDUSTRY","CALIFORNIA","9","9","NP res inst","PUBLIC HEALTH FOUNDATION ENTERPRISES","5843332","365880","4945298","6.3"
"GUTTMACHER INSTITUTE","NEW YORK","NEW YORK","","","NP res inst","GUTTMACHER INSTITUTE","362360","92731","455091","25.6"
"YESHIVA UNIVERSITY","BRONX","NEW YORK","","","Higher Ed","YESHIVA UNIVERSITY","676025","341449","2796729","50.5"
"CTR FOR MOLECULAR MEDICINE/IMMUNOLOGY","BELLEVILLE","NEW JERSEY","","","NP res inst","CTR FOR MOLECULAR MEDICINE/IMMUNOLOGY","137907","110327","248234","80.0"
"FENWAY COMMUNITY HEALTH CENTER","BOSTON","MASSACHUSETTS","69.2","","NP res inst","FENWAY COMMUNITY HEALTH CENTER","2253810","1376146","2602843","61.1"
"FOUNDATION FOR AIDS RESEARCH","NEW YORK","NEW YORK","32.7","","NP res inst","FOUNDATION FOR AIDS RESEARCH","2664337","277268","2941605","10.4"
"FRONTIER SCI & TECHNOLOGY RSCH FDN, INC","BOSTON","MASSACHUSETTS","30.5","","NP res inst","FRONTIER SCI & TECHNOLOGY RSCH FDN, INC","11314362","1815173","12254071","16.0"
"EL PASO COMMUNITY COLLEGE","EL PASO","TEXAS","40","","Higher Ed","EL PASO COMMUNITY COLLEGE","526101","42088","568189","8.0"
"JUDGE BAKER CHILDREN'S CENTER","BOSTON","MASSACHUSETTS","","","NP res inst","JUDGE BAKER CHILDREN'S CENTER","2190032","275880","2436670","12.6"
"KESSLER FOUNDATION, INC.","WEST ORANGE","NEW JERSEY","","","NP res inst","KESSLER FOUNDATION, INC.","557867","191647","749514","34.4"
"MISSOURI BAPTIST MEDICAL CENTER","ST. LOUIS","MISSOURI","32.5","","Hosp","MISSOURI BAPTIST MEDICAL CENTER","536209","174268","630477","32.5"
"MONTREAL HEART INSTITUTE","MONTREAL","CANADA","53","","NP res inst","MONTREAL HEART INSTITUTE","1090403","87231","1177634","8.0"
"MOUNT DESERT ISLAND BIOLOGICAL LAB","Salisbury Cove","MAINE","","","NP res inst","MOUNT DESERT ISLAND BIOLOGICAL LAB","5496667","1898286","7394953","34.5"
"NATIONAL BUREAU OF ECONOMIC RESEARCH","CAMBRIDGE","MASSACHUSETTS","52","","NP res inst","NATIONAL BUREAU OF ECONOMIC RESEARCH","12539664","3487953","15869026","27.8"
"NATIONAL DEVELOPMENT & RES INSTITUTES","NEW YORK","NEW YORK","53.5","","NP res inst","NATIONAL DEVELOPMENT & RES INSTITUTES","6708107","2482261","8846291","37.0"
"NEW YORK-PRESBYTERIAN HOSPITAL","NEW YORK","NEW YORK","73","","Hosp","NEW YORK-PRESBYTERIAN HOSPITAL","29897","0","29897","0.0"
"ONTARIO INSTITUTE FOR CANCER RESEARCH","TORONTO","CANADA","","","NP res inst","ONTARIO INSTITUTE FOR CANCER RESEARCH","1392320","105184","1346178","7.6"
"POPULATION COUNCIL","NEW YORK","NEW YORK","","","NP res inst","POPULATION COUNCIL","3356895","1476233","4833128","44.0"
"PUBLIC HEALTH SOLUTIONS","NEW YORK","NEW YORK","","","NP res inst","PUBLIC HEALTH SOLUTIONS","799026","49882","848908","6.2"
"SLOAN-KETTERING INST CAN RES","NEW YORK","NEW YORK","71.3","","NP res inst","SLOAN-KETTERING INST CAN RES","68426399","42347926","111289141","61.9"
"ST. LUKE'S-ROOSEVELT INST FOR HLTH SCIS","NEW YORK","NEW YORK","","","NP res inst","ST. LUKE'S-ROOSEVELT INST FOR HLTH SCIS","4799971","2136790","6961261","44.5"
"TEXAS TECH UNIVERSITY","LUBBOCK","TEXAS","47","","Higher Ed","TEXAS TECH UNIVERSITY","931457","324914","1256371","34.9"
"UNIVERSITY HEALTH NETWORK","TORONTO","CANADA","51.8","","Hosp","UNIVERSITY HEALTH NETWORK","4151266","252890","4959105","6.1"
"UNIVERSITY OF SOUTHERN MAINE","PORTLAND","MAINE","","","Higher Ed","UNIVERSITY OF SOUTHERN MAINE","423858","195891","619749","46.2"
"VETERANS BIOMEDICAL RESEARCH INSTITUTE","EAST ORANGE","NEW JERSEY","25.9","","NP res inst","VETERANS BIOMEDICAL RESEARCH INSTITUTE","539757","147353","687110","27.3"
"WINIFRED MASTERSON BURKE MED RES INST","WHITE PLAINS","NEW YORK","","","NP res inst","WINIFRED MASTERSON BURKE MED RES INST","3639210","2006212","5645422","55.1"
