Organization Name,ORG_CITY,ORG_STATE/ORG_COUNTRY,FY12,FY13,Institution type
BOSTON BIOMEDICAL RESEARCH INSTITUTE,WATERTOWN,MASSACHUSETTS,103,103,NP res inst
LA JOLLA BIOENGINEERING INSTITUTE,SAN DIEGO,CALIFORNIA,85,100,NP res inst
ROSWELL PARK CANCER INSTITUTE CORP,BUFFALO,NEW YORK,99.9,99.9,Hosp
LA JOLLA INFECTIOUS DISEASE INSTITUTE,SAN DIEGO,CALIFORNIA,97,97,NP res inst
SCHEPENS EYE RESEARCH INSTITUTE,BOSTON,MASSACHUSETTS,97,97,NP res inst
SANFORD-BURNHAM MEDICAL RESEARCH INSTIT,LA JOLLA,CALIFORNIA,94.2,95,NP res inst
WHITEHEAD INSTITUTE FOR BIOMEDICAL RES,CAMBRIDGE,MASSACHUSETTS,95,95,NP res inst
"TRUDEAU INSTITUTE, INC.",SARANAC LAKE,NEW YORK,88,95,NP res inst
SEATTLE CHILDREN'S HOSPITAL,SEATTLE,WASHINGTON,94,95,Hosp
SALK INSTITUTE FOR BIOLOGICAL STUDIES,LA JOLLA,CALIFORNIA,92,94,NP res inst
BUCK INSTITUTE FOR RESEARCH ON AGING,NOVATO,CALIFORNIA,94,94,NP res inst
HAUPTMAN-WOODWARD MEDICAL RESEARCH INST,BUFFALO,NEW YORK,94,94,NP res inst
FORSYTH INSTITUTE,Cambridge,MASSACHUSETTS,99,92,NP res inst
ST. JOSEPH'S HOSPITAL AND MEDICAL CENTER,PHOENIX,ARIZONA,92,92,Hosp
J. DAVID GLADSTONE INSTITUTES,SAN FRANCISCO,CALIFORNIA,91,91,NP res inst
MAX PLANCK FLORIDA CORPORATION,JUPITER,FLORIDA,90,90,NP res inst
VAN ANDEL RESEARCH INSTITUTE,GRAND RAPIDS,MICHIGAN,90,90,NP res inst
SCRIPPS RESEARCH INSTITUTE,LA JOLLA,CALIFORNIA,89.5,89.5,NP res inst
VGTI FLORIDA,PORT SAINT LUCIE,FLORIDA,89,89,NP res inst
SCRIPPS FLORIDA,JUPITER,FLORIDA,98,89,NP res inst
COLD SPRING HARBOR LABORATORY,COLD SPRING HARBOR,NEW YORK,87,89,NP res inst
"J. CRAIG VENTER INSTITUTE, INC.",ROCKVILLE,MARYLAND,88,88,NP res inst
PUGET SOUND BLOOD CENTER,SEATTLE,WASHINGTON,87,87,NP res inst
TRANSLATIONAL GENOMICS RESEARCH INST,PHOENIX,ARIZONA,86,86,NP res inst
REGENERATIVE RESEARCH FOUNDATION,Rensselaer,NEW YORK,80,85,NP res inst
WISTAR INSTITUTE,PHILADELPHIA,PENNSYLVANIA,85,85,NP res inst
NEW YORK STRUCTURAL BIOLOGY CENTER,NEW YORK,NEW YORK,85,85,NP res inst
UNIVERSIDAD DEL ESTE,CAROLINA,PUERTO RICO,81,85,Higher Ed
PACIFIC NORTHWEST RESEARCH INSTITUTE,SEATTLE,WASHINGTON,84.5,84.5,NP res inst
SEATTLE BIOMEDICAL RESEARCH INSTITUTE,SEATTLE,WASHINGTON,72.5,84,NP res inst
INSTITUTE FOR SYSTEMS BIOLOGY,SEATTLE,WASHINGTON,84,83,NP res inst
LONG ISLAND UNIVERSITY C. W. POST CENTER,GREENVALE,NEW YORK,80,80,Higher Ed
MASS COLLEGE OF PHARM HEALTH SCIENCES,BOSTON,MASSACHUSETTS,80,80,Higher Ed
THE HAMNER INSTITUTES,RESEARCH TRIANGLE PARK,NORTH CAROLINA,80,80,NP res inst
CALIFORNIA INSTITUTE FOR MEDICAL RES,SAN JOSE,CALIFORNIA,80.5,79.9,NP res inst
STATE COLLEGE OF OPTOMETRY,NEW YORK,NEW YORK,79.5,79.5,Higher Ed
TEXAS BIOMEDICAL RESEARCH INSTITUTE,SAN ANTONIO,TEXAS,79.1,79.1,NP res inst
PONCE SCHOOL OF MEDICINE,PONCE,PUERTO RICO,79,79,Higher Ed
FOX CHASE CANCER CENTER,PHILADELPHIA,PENNSYLVANIA,77.5,78.5,NP res inst
HOUSE RESEARCH INSTITUTE,LOS ANGELES,CALIFORNIA,78.5,78.5,NP res inst
SUNY COLLEGE AT NEW PALTZ,NEW PALTZ,NEW YORK,78.5,78.5,Higher Ed
SMITH-KETTLEWELL EYE RESEARCH INSTITUTE,SAN FRANCISCO,CALIFORNIA,66,78,NP res inst
WEIZMANN INSTITUTE OF SCIENCE,REHOVOT,ISRAEL,75,78,Higher Ed
CORIELL INSTITUTE FOR MEDICAL RESEARCH,,NEW JERSEY,78,78,NP res inst
FORDHAM UNIVERSITY,BRONX,NEW YORK,77.5,77.5,Higher Ed
INSTITUTE FOR MOLECULAR MEDICINE,HUNTINGTON BEACH,CALIFORNIA,77.2,77.2,NP res inst
LA JOLLA INST FOR ALLERGY & IMMUNOLGY,LA JOLLA,CALIFORNIA,74,77,NP res inst
COLLEGE AT PURCHASE,PURCHASE,NEW YORK,77,77,Higher Ed
AARON DIAMOND AIDS RESEARCH CENTER,NEW YORK,NEW YORK,78,76.5,NP res inst
SPRINGFIELD COLLEGE,SPRINGFIELD,MASSACHUSETTS,76.4,76.4,Higher Ed
HACKENSACK UNIVERSITY MEDICAL CENTER,HACKENSACK,NEW JERSEY,76.1,76.1,Hosp
BRIGHAM AND WOMEN'S HOSPITAL,BOSTON,MASSACHUSETTS,78.5,76,Hosp
COLLEGE AT OSWEGO,OSWEGO,NEW YORK,76,76,Higher Ed
FRED HUTCHINSON CAN RES CTR,SEATTLE,WASHINGTON,76,76,NP res inst
HOSPITAL FOR SPECIAL SURGERY,NEW YORK,NEW YORK,75.5,75.5,Hosp
ALLEN INSTITUTE FOR BRAIN SCIENCE,SEATTLE,WASHINGTON,78.3,75.5,NP res inst
VILLANOVA UNIVERSITY,VILLANOVA UNIVERSITY,PENNSYLVANIA,75.4,75.4,Higher Ed
WELLESLEY COLLEGE,WELLESLEY,MASSACHUSETTS,79,75.3,Higher Ed
ST. JUDE CHILDREN'S RESEARCH HOSPITAL,MEMPHIS,TENNESSEE,75,75,Hosp
CHILDREN'S HOSPITAL BOSTON,BOSTON,MASSACHUSETTS,74,75,Hosp
DANA-FARBER CANCER INST,BOSTON,MASSACHUSETTS,75,75,Hosp
JACKSON LABORATORY,BAR HARBOR,MAINE,75,75,NP res inst
CALIFORNIA PACIFIC MED CTR RES INSTITUTE,SAN FRANCISCO,CALIFORNIA,75,75,Hosp
NEW ENGLAND COLLEGE OF OPTOMETRY,BOSTON,MASSACHUSETTS,75,75,Higher Ed
AMERICAN LEGACY FOUNDATION,WASHINGTON,DIST OF COL,75,75,NP res inst
"MASONIC MEDICAL RESEARCH LABORATORY, INC",UTICA,NEW YORK,75,75,NP res inst
MOLECULAR SCIENCES INSTITUTE,BERKELEY,CALIFORNIA,75,75,NP res inst
"MORGRIDGE INSTITUTE FOR RESEARCH, INC.",MADISON,WISCONSIN,75,75,NP res inst
UNIVERSIDAD METROPOLITANA,SAN JUAN,PUERTO RICO,70,75,Higher Ed
VACCINE RESEARCH INSTITUTE OF SAN DIEGO,SAN DIEGO,CALIFORNIA,72.9,75,NP res inst
BENAROYA RESEARCH INST AT VIRGINIA MASON,SEATTLE,WASHINGTON,70.7,74.7,NP res inst
BETH ISRAEL DEACONESS MEDICAL CENTER,BOSTON,MASSACHUSETTS,74,74,Hosp
COLLEGE AT ONEONTA,ALBANY,NEW YORK,74,74,Higher Ed
HEBREW UNIVERSITY OF JERUSALEM,JERUSALEM,ISRAEL,74,74,Higher Ed
MASSACHUSETTS GENERAL HOSPITAL,BOSTON,MASSACHUSETTS,75,74,Hosp
"BROAD INSTITUTE, INC.",CAMBRIDGE,MASSACHUSETTS,69.5,73,NP res inst
COLLEGE AT OLD WESTBURY,OLD WESTBURY,NEW YORK,73,73,Higher Ed
TORREY PINES INST FOR MOLECULAR STUDIES,Port St. Lucie,FLORIDA,73,73,NP res inst
CHILDREN'S NATIONAL MEDICAL CENTER,WASHINGTON,DIST OF COL,72,72,Hosp
CHILDREN'S RESEARCH INSTITUTE,WASHINGTON,DIST OF COL,72,72,NP res inst
JOHN WAYNE CANCER INSTITUTE,SANTA MONICA,CALIFORNIA,72,72,NP res inst
MC LAUGHLIN RESEARCH INSTITUTE,GREAT FALLS,MONTANA,72,72,NP res inst
POMONA COLLEGE,CLAREMONT,CALIFORNIA,72,72,Higher Ed
ERNEST GALLO CLINIC AND RESEARCH CENTER,EMERYVILLE,CALIFORNIA,71.9,71.9,NP res inst
ROGER WILLIAMS HOSPITAL,PROVIDENCE,RHODE ISLAND,71,70.3,Hosp
ASSUMPTION COLLEGE,WORCESTER,MASSACHUSETTS,70,70,Higher Ed
CHILDREN'S HOSPITAL OF ORANGE COUNTY,ORANGE,CALIFORNIA,70,70,Hosp
NEW YORK INST OF TECHNOLOGY,OLD WESTBURY,NEW YORK,70,70,Higher Ed
QUEEN'S MEDICAL CENTER,HONOLULU,HAWAII,70,70,Hosp
UNIVERSITY OF SAN FRANCISCO,SAN FRANCISCO,CALIFORNIA,70,70,Higher Ed
VASSAR COLLEGE,POUGHKEEPSIE,NEW YORK,70,70,Higher Ed
YORK COLLEGE,JAMAICA,NEW YORK,70,70,Higher Ed
JOHN JAY COLLEGE OF CRIMINAL JUSTICE,NEW YORK,NEW YORK,69.5,69.5,Higher Ed
MOUNT SINAI SCHOOL OF MEDICINE,NEW YORK,NEW YORK,69.5,69.5,Higher Ed
ROCKEFELLER UNIVERSITY,NEW YORK,NEW YORK,69.5,69.5,Higher Ed
NEW YORK BLOOD CENTER,NEW YORK,NEW YORK,71,69.3,NP res inst
COLUMBIA UNIVERSITY TEACHERS COLLEGE,NEW YORK,NEW YORK,69.1,69.1,Higher Ed
BOSTON MEDICAL CENTER,BOSTON,MASSACHUSETTS,69,69,Hosp
BERNARD M. BARUCH COLLEGE,NEW YORK,NEW YORK,69,69,Higher Ed
HARVARD UNIVERSITY,CAMBRIDGE,MASSACHUSETTS,69,69,Higher Ed
HARVARD UNIVERSITY (MEDICAL SCHOOL),BOSTON,MASSACHUSETTS,69,69,Higher Ed
KEAN UNIVERSITY,UNION,NEW JERSEY,69,69,Higher Ed
MEDGAR EVERS COLLEGE,NEW YORK,NEW YORK,69,69,Higher Ed
NEW YORK UNIVERSITY SCHOOL OF MEDICINE,NEW YORK,NEW YORK,69,69,Higher Ed
WEILL MEDICAL COLL OF CORNELL UNIV,NEW YORK,NEW YORK,69,69,Higher Ed
NOVA SOUTHEASTERN UNIVERSITY,FORT LAUDERDALE,FLORIDA,68.7,68.7,Higher Ed
FEINSTEIN INSTITUTE FOR MEDICAL RESEARCH,MANHASSET,NEW YORK,66,68.5,NP res inst
H. LEE MOFFITT CANCER CTR & RES INST,TAMPA,FLORIDA,67.5,68.5,NP res inst
CITY OF HOPE/BECKMAN RESEARCH INSTITUTE,DUARTE,CALIFORNIA,68,68,NP res inst
DUQUESNE UNIVERSITY,PITTSBURGH,PENNSYLVANIA,68,68,Higher Ed
OKLAHOMA MEDICAL RESEARCH FOUNDATION,OKLAHOMA CITY,OKLAHOMA,61.5,68,NP res inst
BARNARD COLLEGE,NEW YORK,NEW YORK,67.5,67.5,Higher Ed
CHILDREN'S HOSP OF PHILADELPHIA,PHILADELPHIA,PENNSYLVANIA,67.5,67.5,Hosp
UNIVERSITY OF NEW ENGLAND,BIDDEFORD,MAINE,67.3,67.3,Higher Ed
CEDARS-SINAI MEDICAL CENTER,LOS ANGELES,CALIFORNIA,67,67,Hosp
REED COLLEGE,PORTLAND,OREGON,67,67,Higher Ed
TRINITY COLLEGE,HARTFORD,CONNECTICUT,67,67,Higher Ed
YESHIVA UNIVERSITY,NEW YORK,NEW YORK,66,67,Higher Ed
CHILDREN'S HOSPITAL & RES CTR AT OAKLAND,OAKLAND,CALIFORNIA,66.5,66.5,Hosp
UNIV OF MASSACHUSETTS MED SCH WORCESTER,WORCESTER,MASSACHUSETTS,64.5,66,Higher Ed
YALE UNIVERSITY,NEW HAVEN,CONNECTICUT,65.5,66,Higher Ed
"MINNEAPOLIS MEDICAL RESEARCH FDN, INC.",MINNEAPOLIS,MINNESOTA,62.5,65.5,NP res inst
COLGATE UNIVERSITY,HAMILTON,NEW YORK,65,65,Higher Ed
GENETIC INFORMATION RESEARCH INSTITUTE,MOUNTAIN VIEW,CALIFORNIA,65,65,NP res inst
HEBREW REHABILITATION CENTER FOR AGED,BOSTON,MASSACHUSETTS,64.5,65,Hosp
JOSLIN DIABETES CENTER,BOSTON,MASSACHUSETTS,64,65,NP res inst
LANKENAU INSTITUTE FOR MEDICAL RESEARCH,WYNNEWOOD,PENNSYLVANIA,65,65,NP res inst
LA GUARDIA COMMUNITY COLLEGE,LONG ISLAND CITY,NEW YORK,65,65,Higher Ed
LONG ISLAND UNIVERSITY BROOKLYN CAMPUS,BROOKLYN,NEW YORK,65,65,Higher Ed
National Disease Research Interchange,PHILADELPHIA,PENNSYLVANIA,65,65,NP res inst
SPAULDING REHABILITATION HOSPITAL,BOSTON,MASSACHUSETTS,65,65,Hosp
STOWERS INSTITUTE FOR MEDICAL RESEARCH,KANSAS CITY,MISSOURI,62,65,NP res inst
TUFTS UNIVERSITY BOSTON,BOSTON,MASSACHUSETTS,65,65,Higher Ed
UNIVERSIDAD CENTRAL DEL CARIBE,BAYAMON,PUERTO RICO,65,65,Higher Ed
UNIVERSITY OF THE VIRGIN ISLANDS,ST. THOMAS,VIRGIN ISLANDS,65,65,Higher Ed
CATHOLIC UNIVERSITY OF AMERICA,WASHINGTON,DIST OF COL,64.6,64.6,Higher Ed
BLUEFIELD STATE COLLEGE,BLUEFIELD,WEST VIRGINIA,64.2,64.2,Higher Ed
ADELPHI UNIVERSITY,GARDEN CITY,NEW YORK,64.1,64.1,Higher Ed
MOUNT HOLYOKE COLLEGE,SOUTH HADLEY,MASSACHUSETTS,64.1,64.1,Higher Ed
WESLEYAN UNIVERSITY,MIDDLETOWN,CONNECTICUT,64.1,64.1,Higher Ed
ASSOCIATION OF AMERICAN MEDICAL COLLEGES,WASHINGTON,DIST OF COL,64,64,NP res inst
BLUEFIELD STATE COLLEGE,BLUEFIELD,WEST VIRGINIA,64,64,Higher Ed
FAIRFIELD UNIVERSITY,FAIRFIELD,CONNECTICUT,64,64,Higher Ed
"HARVARD PILGRIM HEALTH CARE, INC.",BOSTON,MASSACHUSETTS,62,64,NP res inst
KUAKINI MEDICAL CENTER,HONOLULU,HAWAII,64,64,Hosp
MCGILL UNIVERSITY HEALTH CTR RES INST,MONTREAL,CANADA,64,64,NP res inst
MCGILL UNIVERSITY,MONTREAL,CANADA,64,64,Higher Ed
MERCY COLLEGE,DOBBS FERRY,NEW YORK,63,64,Higher Ed
UNIVERSITY OF SOUTHERN CALIFORNIA,LOS ANGELES,CALIFORNIA,63,64,Higher Ed
PARKINSON'S INSTITUTE,SUNNYVALE,CALIFORNIA,63.8,63.8,NP res inst
BOSTON UNIVERSITY,BOSTON,MASSACHUSETTS,63.5,63.7,Higher Ed
GEISINGER CLINIC,DANVILLE,PENNSYLVANIA,63.5,63.5,NP res inst
COLLEGE OF THE HOLY CROSS,WORCESTER,MASSACHUSETTS,63,63,Higher Ed
HERBERT H. LEHMAN COLLEGE,NEW YORK,NEW YORK,63,63,Higher Ed
OBERLIN COLLEGE,OBERLIN,OHIO,62.4,62.4,Higher Ed
BETH ISRAEL MEDICAL CTR (NEW YORK),NEW YORK,NEW YORK,65.8,62.3,Hosp
JOHNS HOPKINS UNIVERSITY,BALTIMORE,MARYLAND,62,62,Higher Ed
BENEDICT COLLEGE,COLUMBIA,SOUTH CAROLINA,62,62,Higher Ed
CAMBRIDGE HEALTH ALLIANCE,CAMBRIDGE,MASSACHUSETTS,61,62,NP res inst
BROWN UNIVERSITY,PROVIDENCE,RHODE ISLAND,62,62,Higher Ed
CHILDREN'S HOSPITAL OF LOS ANGELES,LOS ANGELES,CALIFORNIA,62,62,Hosp
CENTRAL CONNECTICUT STATE UNIVERSITY,NEW BRITAIN,CONNECTICUT,62,62,Higher Ed
HAMILTON COLLEGE,CLINTON,NEW YORK,64,62,Higher Ed
MASSACHUSETTS EYE AND EAR INFIRMARY,BOSTON,MASSACHUSETTS,60,62,Hosp
MERCER UNIVERSITY MACON,MACON,GEORGIA,62,62,Higher Ed
NEW YORK ACADEMY OF MEDICINE,NEW YORK,NEW YORK,62,62,NP res inst
SWARTHMORE COLLEGE,SWARTHMORE,PENNSYLVANIA,58,62,Higher Ed
UNIVERSITY OF PR CAYEY UNIVERSITY COLL,CAYEY,PUERTO RICO,60,62,Higher Ed
INSTITUTE FOR BASIC RES IN DEV DISABIL,STATEN ISLAND,NEW YORK,61.7,61.7,NP res inst
HUGO W. MOSER RES INST KENNEDY KRIEGER,BALTIMORE,MARYLAND,61.6,61.6,NP res inst
QUINNIPIAC UNIVERSITY,HAMDEN,CONNECTICUT,61.6,61.6,Higher Ed
CHILDREN'S HOSPITAL (NEW ORLEANS),NEW ORLEANS,LOUISIANA,61.5,61.5,Hosp
HARVARD UNIVERSITY (SCH OF PUBLIC HLTH),BOSTON,MASSACHUSETTS,61.5,61.5,Higher Ed
XAVIER UNIVERSITY OF LOUISIANA,NEW ORLEANS,LOUISIANA,61.5,61.5,Higher Ed
NATHAN S. KLINE INSTITUTE FOR PSYCH RES,ORANGEBURG,NEW YORK,61.2,61.2,NP res inst
WALSH UNIVERSITY,NORTH CANTON,OHIO,61.1,61.1,Higher Ed
BRANDEIS UNIVERSITY,WALTHAM,MASSACHUSETTS,60,61,Higher Ed
DARTMOUTH COLLEGE,HANOVER,NEW HAMPSHIRE,58,61,Higher Ed
NEW YORK MEDICAL COLLEGE,VALHALLA,NEW YORK,61,61,Higher Ed
PRINCETON UNIVERSITY,PRINCETON,NEW JERSEY,61,61,Higher Ed
SAGE BIONETWORKS,SEATTLE,WASHINGTON,61,61,NP res inst
MARINE BIOLOGICAL LABORATORY,WOODS HOLE,MASSACHUSETTS,60.5,60.5,NP res inst
"SWEDISH MEDICAL CENTER, FIRST HILL",SEATTLE,WASHINGTON,60.5,60.5,Hosp
"MONTEFIORE MEDICAL CENTER (BRONX, NY)",NEW YORK,NEW YORK,60.1,60.1,Hosp
UNIVERSITY OF PENNSYLVANIA,PHILADELPHIA,PENNSYLVANIA,60,60,Higher Ed
BOWDOIN COLLEGE,BRUNSWICK,MAINE,60,60,Higher Ed
COLUMBIA UNIV NEW YORK MORNINGSIDE,NEW YORK,NEW YORK,60,60,Higher Ed
CORNELL UNIVERSITY,ITHACA,NEW YORK,59,60,Higher Ed
EMANUEL HOSPITAL AND HEALTH CENTER,PORTLAND,OREGON,60,60,Hosp
GROUP HEALTH COOPERATIVE,SEATTLE,WASHINGTON,60,60,NP res inst
ROCHESTER GENERAL HOSPITAL (NY),ROCHESTER,NEW YORK,60,60,Hosp
SANFORD RESEARCH/USD,SIOUX FALLS,SOUTH DAKOTA,58,60,NP res inst
SCRIPPS HEALTH,SAN DIEGO,CALIFORNIA,50,60,NP res inst
SPELMAN COLLEGE,ATLANTA,GEORGIA,60,60,Higher Ed
UNIVERSITY OF PUERTO RICO AT HUMACAO,HUMACAO,PUERTO RICO,60,60,Higher Ed
UT MD ANDERSON CANCER CTR,HOUSTON,TEXAS,58,60,Hosp
UNIVERSITY OF THE INCARNATE WORD,SAN ANTONIO,TEXAS,60,60,Higher Ed
NEW YORK STATE PSYCHIATRIC INSTITUTE,NEW YORK,NEW YORK,59.8,59.8,Hosp
RIVERSIDE RESEARCH INSTITUTE,NEW YORK,NEW YORK,59,59.7,NP res inst
CENTRAL NEW YORK RESEARCH CORPORATION,SYRACUSE,NEW YORK,59.6,59.6,NP res inst
ITHACA COLLEGE,ITHACA,NEW YORK,59.5,59.5,Higher Ed
SUNY DOWNSTATE MEDICAL CENTER,BROOKLYN,NEW YORK,59.5,59.5,Higher Ed
UPSTATE MEDICAL UNIVERSITY,SYRACUSE,NEW YORK,59.5,59.5,Higher Ed
JEFFERSON STATE COMMUNITY COLLEGE,BIRMINGHAM,ALABAMA,59,59,Higher Ed
MAGEE-WOMEN'S RES INST AND FOUNDATION,PITTSBURGH,PENNSYLVANIA,59,59,NP res inst
MAYO CLINIC,ROCHESTER,MINNESOTA,51,59,NP res inst
MIDDLEBURY COLLEGE,MIDDLEBURY,VERMONT,58,59,Higher Ed
MONTCLAIR STATE UNIVERSITY,MONTCLAIR,NEW JERSEY,58,59,Higher Ed
RHODE ISLAND HOSPITAL,PROVIDENCE,RHODE ISLAND,59,59,Hosp
"ROSKAMP INSTITUTE, INC.",SARASOTA,FLORIDA,59,59,NP res inst
TUFTS MEDICAL CENTER,BOSTON,MASSACHUSETTS,59,59,Hosp
UNIVERSITY OF ALBERTA,EDMONTON,CANADA,61.1,59,Higher Ed
UNIVERSITY OF MASSACHUSETTS AMHERST,AMHERST,MASSACHUSETTS,58.5,59,Higher Ed
UNIVERSITY OF TEXAS DALLAS,DALLAS,TEXAS,59,59,Higher Ed
UNIVERSITY OF WISCONSIN PARKSIDE,KENOSHA,WISCONSIN,58,59,Higher Ed
OAK CREST INSTITUTE OF SCIENCE,PASADENA,CALIFORNIA,58.6,58.6,NP res inst
GEORGE WASHINGTON UNIVERSITY,WASHINGTON,DIST OF COL,58.5,58.5,Higher Ed
NATIONAL JEWISH HEALTH,DENVER,COLORADO,58.5,58.5,Hosp
STATE UNIVERSITY OF NEW YORK AT BUFFALO,BUFFALO,NEW YORK,58.5,58.5,Higher Ed
"TREATMENT RESEARCH INSTITUTE, INC. (TRI)",PHILADELPHIA,PENNSYLVANIA,58.2,58.2,NP res inst
UNION COLLEGE,SCHENECTADY,NEW YORK,58.1,58.1,Higher Ed
BANNER ALZHEIMER'S INSTITUTE,PHOENIX,ARIZONA,58,58,NP res inst
ALBANY MEDICAL COLLEGE,ALBANY,NEW YORK,58,58,Higher Ed
ALBANY STATE UNIVERSITY,ALBANY,GEORGIA,58,58,Higher Ed
BLOOD SYSTEMS RESEARCH INSTITUTE,SAN FRANCISCO,CALIFORNIA,58,58,NP res inst
CLARK ATLANTA UNIVERSITY,ATLANTA,GEORGIA,58,58,Higher Ed
KAISER FOUNDATION RESEARCH INSTITUTE,OAKLAND,CALIFORNIA,58,58,NP res inst
LOMA LINDA UNIVERSITY,LOMA LINDA,CALIFORNIA,58,58,Higher Ed
MCLEAN HOSPITAL,BELMONT,MASSACHUSETTS,58,58,Hosp
NORTHWEST INDIAN COLLEGE,BELLINGHAM,WASHINGTON,58,58,NP res inst
"ORLANDO REGIONAL HEALTHCARE SYSTEM, INC.",ORLANDO,FLORIDA,55,58,NP res inst
UNIV OF MEDICINE &DENTISTRY OF NEW JERSEY,NEW BRUNSWICK,NEW JERSEY,58,58,Higher Ed
UNIVERSITY OF CHICAGO,CHICAGO,ILLINOIS,57,58,Higher Ed
UNIVERSITY OF VIRGINIA,CHARLOTTESVILLE,VIRGINIA,54,58,Higher Ed
KECK GRADUATE INST OF APPLIED LIFE SCIS,CLAREMONT,CALIFORNIA,57.8,57.8,Higher Ed
PALMER COLLEGE OF CHIROPRACTIC,DAVENPORT,IOWA,57.6,57.6,Higher Ed
METHODIST HOSPITAL RESEARCH INSTITUTE,HOUSTON,TEXAS,55.5,57.5,NP res inst
MCMASTER UNIVERSITY,HAMILTON,CANADA,59.6,57.5,Higher Ed
SETON HALL UNIVERSITY,SOUTH ORANGE,NEW JERSEY,57.5,57.5,Higher Ed
STANFORD UNIVERSITY,PALO ALTO,CALIFORNIA,N/A,57,Higher Ed
DUKE UNIVERSITY,DURHAM,NORTH CAROLINA,57,57,Higher Ed
AKRON GENERAL MEDICAL CENTER,AKRON,OHIO,57,57,Hosp
BAYLOR RESEARCH INSTITUTE,DALLAS,TEXAS,57,57,NP res inst
BROOKLYN COLLEGE,NEW YORK,NEW YORK,57,57,Higher Ed
CASE WESTERN RESERVE UNIVERSITY,CLEVELAND,OHIO,57,57,Higher Ed
CLEVELAND CLINIC LERNER COM-CWRU,CLEVELAND,OHIO,57,57,Higher Ed
HAVERFORD COLLEGE,HAVERFORD,PENNSYLVANIA,57,57,Higher Ed
MEDSTAR RESEARCH INSTITUTE,HYATTSVILLE,MARYLAND,57,57,NP res inst
NEW YORK UNIVERSITY,NEW YORK,NEW YORK,54,57,Higher Ed
STATE UNIVERSITY NEW YORK STONY BROOK,STONY BROOK,NEW YORK,57,57,Higher Ed
UNIVERSITY OF CINCINNATI,CINCINNATI,OHIO,57,57,Higher Ed
UNIVERSITY OF CONNECTICUT STORRS,STORRS-MANSFIELD,CONNECTICUT,57,57,Higher Ed
UNIVERSITY OF GUAM,MANGILAO,GUAM,57,57,Higher Ed
PHILADELPHIA COLLEGE OF OSTEOPATHIC MED,PHILADELPHIA,PENNSYLVANIA,56.6,56.6,Higher Ed
UNIVERSITY OF CALIFORNIA SAN FRANCISCO,SAN FRANCISCO,CALIFORNIA,55,56.5,Higher Ed
BAYLOR COLLEGE OF MEDICINE,HOUSTON,TEXAS,56.5,56.5,Higher Ed
BOSTON COLLEGE,CHESTNUT HILL,MASSACHUSETTS,56.5,56.5,Higher Ed
EMORY UNIVERSITY,ATLANTA,GEORGIA,55,56,Higher Ed
FRANKLIN W. OLIN COLLEGE OF ENGINEERING,NEEDHAM,MASSACHUSETTS,56,56,Higher Ed
INDIANA UNIVERSITY BLOOMINGTON,BLOOMINGTON,INDIANA,55,56,Higher Ed
NORTHSHORE UNIVERSITY HEALTHSYSTEM,EVANSTON,ILLINOIS,55,56,Hosp
SCOTT AND WHITE MEMORIAL HOSPITAL,TEMPLE,TEXAS,56,56,Hosp
ST. JOSEPH'S HOSPITAL,ATLANTA,GEORGIA,56,56,Hosp
SAVANNAH STATE UNIVERSITY,SAVANNAH,GEORGIA,56,56,Higher Ed
UNIVERSITY OF MASSACHUSETTS DARTMOUTH,NORTH DARTMOUTH,MASSACHUSETTS,56,56,Higher Ed
VANDERBILT UNIVERSITY MED CTR,NASHVILLE,TENNESSEE,56,56,Higher Ed
DALHOUSIE UNIVERSITY,"HALIFAX, NOVA SCOTIA",CANADA,51.4,55.9,Higher Ed
OREGON RESEARCH INSTITUTE,EUGENE,OREGON,55.6,55.6,NP res inst
QUEEN'S UNIVERSITY AT KINGSTON,KINGSTON,CANADA,55.6,55.6,Higher Ed
UNIVERSITY OF MICHIGAN,ANN ARBOR,MICHIGAN,55.5,55.5,Higher Ed
AMHERST COLLEGE,AMHERST,MASSACHUSETTS,55.5,55.5,Higher Ed
NORTHEASTERN UNIVERSITY,BOSTON,MASSACHUSETTS,55.5,55.5,Higher Ed
RICE UNIVERSITY,HOUSTON,TEXAS,52.5,55.5,Higher Ed
TEXAS HEART INSTITUTE,HOUSTON,TEXAS,55.5,55.5,NP res inst
UNIVERSITY OF CALIFORNIA BERKELEY,BERKELEY,CALIFORNIA,53.5,55.5,Higher Ed
FAYETTEVILLE STATE UNIVERSITY,FAYETTEVILLE,NORTH CAROLINA,55.4,55.4,Higher Ed
NORTHWESTERN HEALTH SCIENCES UNIVERSITY,BLOOMINGTON,MINNESOTA,55.3,55.3,Higher Ed
SIMON FRASER UNIVERSITY,BURNABY,CANADA,55.3,55.3,Higher Ed
UNIVERSITY OF CALIFORNIA SAN DIEGO,LA JOLLA,CALIFORNIA,54.5,55,Higher Ed
AMERICAN PSYCHIATRIC FOUNDATION,ARLINGTON,VIRGINIA,55,55,NP res inst
ALBANY COLLEGE OF PHARMACY,ALBANY,NEW YORK,55,55,Higher Ed
ELIZABETH CITY STATE UNIVERSITY,ELIZABETH CITY,NORTH CAROLINA,55,55,Higher Ed
GEORGETOWN UNIVERSITY,WASHINGTON,DIST OF COL,55,55,Higher Ed
INFECTIOUS DISEASE RESEARCH INSTITUTE,SEATTLE,WASHINGTON,55,55,NP res inst
LINCOLN UNIVERSITY,LINCOLN UNIVERSITY,PENNSYLVANIA,55,55,Higher Ed
MEDICAL TECHNOLOGY AND PRACTICE PATTERNS,BETHESDA,MARYLAND,55,55,NP res inst
MONTGOMERY COLLEGE,ROCKVILLE,MARYLAND,55,55,Higher Ed
NORTHEASTERN ILLINOIS UNIVERSITY,CHICAGO,ILLINOIS,55,55,Higher Ed
QUEENS COLLEGE,FLUSHING,NEW YORK,55,55,Higher Ed
SHAW UNIVERSITY,RALEIGH,NORTH CAROLINA,55,55,Higher Ed
THOMAS JEFFERSON UNIVERSITY,PHILADELPHIA,PENNSYLVANIA,55,55,Higher Ed
"UNIVERSITY OF CALIFORNIA, MERCED",MERCED,CALIFORNIA,55,55,Higher Ed
UNIVERSITY OF MARYLAND EASTERN SHORE,PRINCESS ANNE,MARYLAND,55,55,Higher Ed
UNIVERSITY OF NORTH CAROLINA AT PEMBROKE,PEMBROKE,NORTH CAROLINA,55,55,Higher Ed
UNIVERSITY OF TENNESSEE SPACE INSTITUTE,TULLAHOMA,TENNESSEE,55,55,Higher Ed
NEUROPSYCHIATRIC RESEARCH INSTITUTE,FARGO,NORTH DAKOTA,54.6,54.6,NP res inst
UNIVERSITY OF WASHINGTON,SEATTLE,WASHINGTON,54,54.5,Higher Ed
DREXEL UNIVERSITY,PHILADELPHIA,PENNSYLVANIA,54.5,54.5,Higher Ed
LUDWIG INSTITUTE  FOR CANCER RES  LTD,LA JOLLA,CALIFORNIA,54.5,54.5,NP res inst
NORTHWESTERN UNIVERSITY,EVANSTON,ILLINOIS,54.5,54.5,Higher Ed
NORTHWESTERN UNIVERSITY AT CHICAGO,CHICAGO,ILLINOIS,54.5,54.5,Higher Ed
ROSALIND FRANKLIN UNIV OF MEDICINE & SCI,NORTH CHICAGO,ILLINOIS,54.5,54.5,Higher Ed
UNIVERSITY OF SAN DIEGO,SAN DIEGO,CALIFORNIA,54.5,54.5,Higher Ed
UNIVERSITY OF TEXAS MEDICAL BR GALVESTON,GALVESTON,TEXAS,53,54.5,Higher Ed
AMERICAN ACADEMY OF ADDICTION PSYCHIATRY,East Providence,RHODE ISLAND,54,54,NP res inst
AMERICAN COLLEGE OF RADIOLOGY,RESTON,VIRGINIA,54,54,NP res inst
AMERICAN COLLEGE OF RADIOLOGY,RESTON,VIRGINIA,54,54,NP res inst
AGNES SCOTT COLLEGE,DECATUR,GEORGIA,54,54,Higher Ed
ARIZONA STATE UNIVERSITY-TEMPE CAMPUS,TEMPE,ARIZONA,54,54,Higher Ed
"CHRISTIANA CARE HEALTH SERVICES, INC.",NEWARK,DELAWARE,54,54,Hosp
HEALTHPARTNERS INSTITUTE,MINNEAPOLIS,MINNESOTA,54,54,NP res inst
HELEN HAYES HOSPITAL,Menands,NEW YORK,50.7,54,Hosp
NATIONAL REHABILITATION HOSPITAL,WASHINGTON,DIST OF COL,54,54,Hosp
PROVIDENCE PORTLAND MEDICAL CENTER,PORTLAND,OREGON,54,54,Hosp
OREGON HEALTH & SCIENCE UNIVERSITY,PORTLAND,OREGON,54,54,Higher Ed
PURDUE UNIVERSITY WEST LAFAYETTE,WEST LAFAYETTE,INDIANA,54,54,Higher Ed
RUTGERS THE ST UNIV OF NJ NEW BRUNSWICK,NEW BRUNSWICK,NEW JERSEY,54,54,Higher Ed
SAN FRANCISCO STATE UNIVERSITY,SAN FRANCISCO,CALIFORNIA,53.5,54,Higher Ed
STATE UNIVERSITY NEW YORK BINGHAMTON,BINGHAMTON,NEW YORK,53,54,Higher Ed
TEXAS CHRISTIAN UNIVERSITY,FORT WORTH,TEXAS,54,54,Higher Ed
UNIVERSITY OF CALIFORNIA DAVIS,DAVIS,CALIFORNIA,53.5,54,Higher Ed
UNIVERSITY OF CALIFORNIA LOS ANGELES,LOS ANGELES,CALIFORNIA,54,54,Higher Ed
UNIVERSITY OF COLORADO DENVER,AURORA,COLORADO,53,54,Higher Ed
UNIVERSITY OF CONNECTICUT HEALTH SCIENCE CENTER,FARMINGTON,CONNECTICUT,54,54,Higher Ed
"UNIVERSITY OF TEXAS, AUSTIN",AUSTIN,TEXAS,54,54,Higher Ed
MICHIGAN STATE UNIVERSITY,EAST LANSING,MICHIGAN,53.5,53.5,Higher Ed
TUFTS UNIVERSITY MEDFORD,MEDFORD,MASSACHUSETTS,53.5,53.5,Higher Ed
UNIVERSITY OF CALIFORNIA IRVINE,IRVINE,CALIFORNIA,53,53.5,Higher Ed
UNIVERSITY OF MARYLAND BALTIMORE,BALTIMORE,MARYLAND,53.5,53.5,Higher Ed
UNIVERSITY OF RHODE ISLAND,KINGSTON,RHODE ISLAND,52,53.5,Higher Ed
UNIVERSITY OF ROCHESTER,ROCHESTER,NEW YORK,54.5,53.5,Higher Ed
"GENETIC ALLIANCE, INC.",WASHINGTON,DIST OF COL,53.4,53.4,NP res inst
NORTHERN CALIFORNIA INSTITUTE/RES/EDU,SAN FRANCISCO,CALIFORNIA,53.3,53.3,NP res inst
CHILDREN'S HOSPITAL MEDICAL CENTER CINCI,CINCINNATI,OHIO,53,53,Hosp
CITY COLLEGE OF NEW YORK,NEW YORK,NEW YORK,53,53,Higher Ed
COLBY COLLEGE,WATERVILLE,MAINE,53,53,Higher Ed
GONZAGA UNIVERSITY,SPOKANE,WASHINGTON,53,53,Higher Ed
HUNTER COLLEGE,NEW YORK,NEW YORK,53,53,Higher Ed
MEDICAL COLLEGE OF WISCONSIN,MILWAUKEE,WISCONSIN,53,53,Higher Ed
QUEENSBOROUGH COMMUNITY COLLEGE,NEW YORK,NEW YORK,53,53,Higher Ed
RUSH UNIVERSITY MEDICAL CENTER,CHICAGO,ILLINOIS,53,53,Higher Ed
TEMPLE UNIV OF THE COMMONWEALTH,PHILADELPHIA,PENNSYLVANIA,53,53,Higher Ed
UNIVERSITY OF CALIFORNIA SANTA BARBARA,SANTA BARBARA,CALIFORNIA,51.5,53,Higher Ed
UNIVERSITY OF MIAMI SCHOOL OF MEDICINE,MIAMI,FLORIDA,53,53,Higher Ed
UNIVERSITY OF RICHMOND,RICHMOND,VIRGINIA,53,53,Higher Ed
VIRGINIA STATE UNIVERSITY,PETERSBURG,VIRGINIA,53,53,Higher Ed
"JAEB CENTER FOR HEALTH RESEARCH, INC.",TAMPA,FLORIDA,52.8,52.8,NP res inst
UNIVERSITY OF PITTSBURGH AT PITTSBURGH,PITTSBURGH,PENNSYLVANIA,51.5,52.5,Higher Ed
OHIO STATE UNIVERSITY,COLUMBUS,OHIO,52.5,52.5,Higher Ed
ST. VINCENT HOSPITAL,GREEN BAY,WISCONSIN,52.5,52.5,Hosp
SMITH COLLEGE,NORTHAMPTON,MASSACHUSETTS,52.5,52.5,Higher Ed
UNIVERSITY OF COLORADO,BOULDER,COLORADO,52.5,52.5,Higher Ed
UNIVERSITY OF MASSACHUSETTS BOSTON,BOSTON,MASSACHUSETTS,52.5,52.5,Higher Ed
UNIVERSITY OF MASSACHUSETTS BOSTON,BOSTON,MASSACHUSETTS,52.5,52.5,Higher Ed
UNIVERSITY OF VERMONT & ST AGRIC COLLEGE,BURLINGTON,VERMONT,52.5,52.5,Higher Ed
MOUNT SINAI MEDICAL CENTER (MIAMI BEACH),MIAMI BEACH,FLORIDA,52.1,52.1,Hosp
UNIV OF NORTH CAROLINA CHAPEL HILL,CHAPEL HILL,NORTH CAROLINA,48,52,Higher Ed
"CLARK UNIVERSITY (WORCESTER, MA)",WORCESTER,MASSACHUSETTS,52,52,Higher Ed
CUYAHOGA COMMUNITY COLLEGE,CLEVELAND,OHIO,52,52,Higher Ed
HUDSON-ALPHA INSTITUTE FOR BIOTECHNOLOGY,HUNTSVILLE,ALABAMA,52,52,NP res inst
IIT RESEARCH INSTITUTE,CHICAGO,ILLINOIS,51,52,NP res inst
ILLINOIS INSTITUTE OF TECHNOLOGY,CHICAGO,ILLINOIS,51,52,Higher Ed
NEW JERSEY INSTITUTE OF TECHNOLOGY,NEWARK,NEW JERSEY,53,52,Higher Ed
STATE UNIVERSITY OF NEW YORK AT ALBANY,ALBANY,NEW YORK,52,52,Higher Ed
UNIVERSITY OF CALIFORNIA RIVERSIDE,RIVERSIDE,CALIFORNIA,52,52,Higher Ed
UNIVERSITY OF CALIFORNIA SANTA CRUZ,SANTA CRUZ,CALIFORNIA,51.5,52,Higher Ed
UNIVERSITY OF MARYLAND COLLEGE PK CAMPUS,COLLEGE PARK,MARYLAND,52,52,Higher Ed
UNIVERSITY OF MINNESOTA,MINNEAPOLIS,MINNESOTA,52,52,Higher Ed
UNIVERSITY OF NOTRE DAME,NOTRE DAME,INDIANA,52,52,Higher Ed
UNIVERSITY OF TEXAS HLTH SCI CTR HOUSTON,HOUSTON,TEXAS,52,52,Higher Ed
VIRGINIA COMMONWEALTH UNIVERSITY,RICHMOND,VIRGINIA,49.5,52,Higher Ed
WASHINGTON UNIVERSITY,SAINT LOUIS,MISSOURI,52,52,Higher Ed
WAYNE STATE UNIVERSITY,DETROIT,MICHIGAN,52,52,Higher Ed
DOHENY EYE INSTITUTE,LOS ANGELES,CALIFORNIA,58.8,51.8,NP res inst
"INTERNET SOLUTIONS FOR KIDS, INC.",SAN CLEMENTE,CALIFORNIA,51.6,51.6,NP res inst
NORTHEAST OHIO MEDICAL UNIVERSITY,ROOTSTOWN,OHIO,54,51.6,Higher Ed
CENTRAL WASHINGTON UNIVERSITY,ELLENSBURG,WASHINGTON,49.5,51.5,Higher Ed
NORTH CAROLINA STATE UNIVERSITY RALEIGH,RALEIGH,NORTH CAROLINA,49,51.5,Higher Ed
PACIFIC INSTITUTE FOR RES AND EVALUATION,Beltsville,MARYLAND,51.5,51.5,NP res inst
PACIFIC INSTITUTE FOR RES AND EVALUATION,Beltsville,MARYLAND,51.5,51.5,NP res inst
UNIVERSITY OF ARIZONA,TUCSON,ARIZONA,51.5,51.5,Higher Ed
UNIVERSITY OF MISSOURI-COLUMBIA,Columbia,MISSOURI,51.5,51.5,Other
UNIVERSITY OF MISSOURI-COLUMBIA,COLUMBIA,MISSOURI,51.5,51.5,Higher Ed
UNIVERSITY OF TEXAS ARLINGTON,ARLINGTON,TEXAS,51.5,51.5,Higher Ed
UNIVERSITY OF TOLEDO HEALTH SCI CAMPUS,TOLEDO,OHIO,50,51.5,Higher Ed
WESTERN WASHINGTON UNIVERSITY,BELLINGHAM,WASHINGTON,51.4,51.4,Higher Ed
FLORIDA STATE UNIVERSITY,TALLAHASSEE,FLORIDA,47,51.3,Higher Ed
NEW YORK EYE AND EAR INFIRMARY,NEW YORK,NEW YORK,51.1,51.1,Hosp
LOYOLA UNIVERSITY CHICAGO,MAYWOOD,ILLINOIS,49.5,51,Higher Ed
NATIONAL OPINION RESEARCH CENTER,CHICAGO,ILLINOIS,50.3,51,NP res inst
SILENT SPRING INSTITUTE,NEWTON,MASSACHUSETTS,51,51,NP res inst
SPECTRUM HEALTH HOSPITALS,GRAND RAPIDS,MICHIGAN,51,51,NP res inst
TEXAS SOUTHERN UNIVERSITY,HOUSTON,TEXAS,51,51,Higher Ed
UNIVERSITY OF IOWA,IOWA CITY,IOWA,51,51,Higher Ed
UNIVERSITY OF KANSAS MEDICAL CENTER,KANSAS CITY,KANSAS,51,51,Higher Ed
UNIVERSITY OF MASSACHUSETTS LOWELL,LOWELL,MASSACHUSETTS,51,51,Higher Ed
UNIVERSITY OF MISSOURI-ST. LOUIS,SAINT LOUIS,MISSOURI,51,51,Higher Ed
UNIVERSITY OF NEW MEXICO,ALBUQUERQUE,NEW MEXICO,51,51,Higher Ed
UNIVERSITY OF OKLAHOMA NORMAN,NORMAN,OKLAHOMA,51,51,Higher Ed
VISITING NURSE SERVICE OF NEW YORK,NEW YORK,NEW YORK,51,51,NP res inst
WASHINGTON STATE UNIVERSITY,PULLMAN,WASHINGTON,50,51,Higher Ed
WILLIAM BEAUMONT HOSPITAL RESEARCH INST,ROYAL OAK,MICHIGAN,51,51,NP res inst
MARQUETTE UNIVERSITY,MILWAUKEE,WISCONSIN,50.5,50.5,Higher Ed
TEXAS TECH UNIVERSITY HEALTH SCIS CENTER,LUBBOCK,TEXAS,49.5,50.5,Higher Ed
TULANE UNIVERSITY OF LOUISIANA,NEW ORLEANS,LOUISIANA,50.5,50.5,Higher Ed
UNIVERSITY OF NEBRASKA MEDICAL CENTER,OMAHA,NEBRASKA,49,50.5,Higher Ed
UNIVERSITY OF TEXAS EL PASO,EL PASO,TEXAS,50,50.5,Higher Ed
UNIVERSITY OF WISCONSIN-MADISON,MADISON,WISCONSIN,50.5,50.5,Higher Ed
ORTHOPAEDIC HOSPITAL,LOS ANGELES,CALIFORNIA,50.3,50.3,Hosp
"BALTIMORE CITY HEALTHY START, INC.",BALTIMORE,MARYLAND,50,50,NP res inst
BARRY UNIVERSITY,MIAMI SHORES,FLORIDA,50,50,Higher Ed
BRIGHAM YOUNG UNIVERSITY,PROVO,UTAH,50,50,Higher Ed
ESSENTIA INSTITUTE OF RURAL HEALTH,DULUTH,MINNESOTA,50,50,NP res inst
"GLOBAL VACCINES, INC.",RESEARCH TRIANGLE PARK,NORTH CAROLINA,50,50,NP res inst
GEORGIA  HEALTH SCIENCES UNIVERSITY,AUGUSTA,GEORGIA,49,50,Higher Ed
HAWAII PACIFIC UNIVERSITY,HONOLULU,HAWAII,50,50,Higher Ed
HOPE COLLEGE,HOLLAND,MICHIGAN,50,50,Higher Ed
IOWA STATE UNIVERSITY,AMES,IOWA,48,50,Higher Ed
KANSAS STATE UNIVERSITY,MANHATTAN,KANSAS,48,50,Higher Ed
MARSHFIELD CLINIC RESEARCH FOUNDATION,MARSHFIELD,WISCONSIN,50,50,NP res inst
SAINT LOUIS UNIVERSITY,SAINT LOUIS,MISSOURI,50,50,Higher Ed
UNIV/TEXAS BROWNSVILLE & SOUTHMOST COLL,BROWNSVILLE,TEXAS,50,50,Higher Ed
UNIVERSITY OF AKRON,AKRON,OHIO,50,50,Higher Ed
UNIVERSITY OF HOUSTON,HOUSTON,TEXAS,49.5,50,Higher Ed
UNIVERSITY OF LOUISVILLE RES FDN,LOUISVILLE,KENTUCKY,50,50,Higher Ed
UNIVERSITY OF MIAMI ROSENTEIL SCHOOL,MIAMI,FLORIDA,50,50,Higher Ed
UNIVERSITY OF MISSOURI KANSAS CITY,KANSAS CITY,MISSOURI,50,50,Higher Ed
UNIVERSITY OF PUERTO RICO MAYAGUEZ,MAYAGUEZ,PUERTO RICO,49,50,Higher Ed
UNIVERSITY OF PUERTO RICO MED SCIENCES,SAN JUAN,PUERTO RICO,49,50,Higher Ed
UNIVERSITY OF TENNESSEE HEALTH SCI CTR,MEMPHIS,TENNESSEE,49.5,50,Higher Ed
UNIVERSITY OF UTAH,SALT LAKE CITY,UTAH,50,50,Higher Ed
VALDOSTA STATE UNIVERSITY,VALDOSTA,GEORGIA,50,50,Higher Ed
"CHILDREN'S MERCY HOSP (KANSAS CITY, MO)",KANSAS CITY,MISSOURI,49.5,49.5,Hosp
CLEMSON UNIVERSITY,CLEMSON,SOUTH CAROLINA,48.5,49.5,Higher Ed
JACKSON STATE UNIVERSITY,JACKSON,MISSISSIPPI,44,49.5,Higher Ed
SAN DIEGO STATE UNIVERSITY,SAN DIEGO,CALIFORNIA,49.5,49.5,Higher Ed
UNIVERSITY OF MISSISSIPPI MEDICAL CENTER,JACKSON,MISSISSIPPI,49.5,49.5,Higher Ed
UNIVERSITY OF SOUTH FLORIDA,TAMPA,FLORIDA,49,49.5,Higher Ed
UNIVERSITY OF TEXAS HLTH SCI CTR SAN ANT,SAN ANTONIO,TEXAS,48.5,49.5,Higher Ed
UNIVERSITY OF WISCONSIN MILWAUKEE,MILWAUKEE,WISCONSIN,47.7,49.5,Higher Ed
HUNTINGTON MEDICAL RESEARCH INSTITUTES,PASADENA,CALIFORNIA,49.3,49.3,NP res inst
WINTHROP-UNIVERSITY HOSPITAL,MINEOLA,NEW YORK,49.3,49.3,Hosp
UNIVERSITY OF PENNSYLVANIA,Lock Haven,PENNSYLVANIA,49.1,49.1,Other
ARKANSAS CHILDREN'S HOSPITAL RES INST,LITTLE ROCK,ARKANSAS,48,49,NP res inst
CANCER PREVENTION INSTIT OF CALIFORNIA,FREMONT,CALIFORNIA,47,49,NP res inst
MEDICAL UNIVERSITY OF SOUTH CAROLINA,CHARLESTON,SOUTH CAROLINA,47.5,49,Higher Ed
NATIONAL COLLEGE OF NATURAL MEDICINE,PORTLAND,OREGON,49,49,NP res inst
MIDWESTERN UNIVERSITY,DOWNERS GROVE,ILLINOIS,49,49,Higher Ed
NORTHERN ARIZONA UNIVERSITY,FLAGSTAFF,ARIZONA,49,49,Higher Ed
UNIVERSITY OF FLORIDA,GAINESVILLE,FLORIDA,46.5,49,Higher Ed
UNIVERSITY OF KANSAS LAWRENCE,LAWRENCE,KANSAS,47,49,Higher Ed
UNIVERSITY OF PUERTO RICO RIO PIEDRAS,SAN JUAN,PUERTO RICO,48,49,Higher Ed
UNIVERSITY OF TENNESSEE KNOXVILLE,KNOXVILLE,TENNESSEE,49,49,Higher Ed
WESTERN MICHIGAN UNIVERSITY,KALAMAZOO,MICHIGAN,49,49,Higher Ed
MEMORIAL HOSPITAL OF SOUTH BEND,SOUTH BEND,INDIANA,48.9,48.9,Hosp
FATHER FLANAGAN'S BOYS' HOME,BOYS TOWN,NEBRASKA,48.8,48.8,NP res inst
CALVIN COLLEGE,GRAND RAPIDS,MICHIGAN,48.7,48.7,Higher Ed
COLORADO STATE UNIVERSITY,FORT COLLINS,COLORADO,48,48.5,Higher Ed
FLORIDA ATLANTIC UNIVERSITY,BOCA RATON,FLORIDA,44.5,48.5,Higher Ed
HENRY FORD HEALTH SYSTEM,DETROIT,MICHIGAN,46.5,48.5,Hosp
MEMORIAL HOSPITAL OF RHODE ISLAND,PAWTUCKET,RHODE ISLAND,52,48.5,Hosp
MORGAN STATE UNIVERSITY,BALTIMORE,MARYLAND,48.5,48.5,Higher Ed
OHIO UNIVERSITY ATHENS,ATHENS,OHIO,47.5,48.5,Higher Ed
TEXAS STATE UNIVERSITY-SAN MARCOS,SAN MARCOS,TEXAS,48.5,48.5,Higher Ed
UNIVERSITY OF GEORGIA,ATHENS,GEORGIA,48.5,48.5,Higher Ed
UNIVERSITY OF KENTUCKY,LEXINGTON,KENTUCKY,48.5,48.5,Higher Ed
UNIVERSITY OF MIAMI CORAL GABLES,CORAL GABLES,FLORIDA,48.5,48.5,Higher Ed
UNIVERSITY OF NEBRASKA LINCOLN,LINCOLN,NEBRASKA,49,48.5,Higher Ed
UNIVERSITY OF NORTH CAROLINA CHARLOTTE,CHARLOTTE,NORTH CAROLINA,48.5,48.5,Higher Ed
UNIVERSITY OF SOUTH ALABAMA,MOBILE,ALABAMA,48.5,48.5,Higher Ed
WOMEN AND INFANTS HOSPITAL-RHODE ISLAND,PROVIDENCE,RHODE ISLAND,47,48.5,Hosp
SCIENTIFIC ANALYSIS CORPORATION,SAN FRANCISCO,CALIFORNIA,48.2,48.2,NP res inst
BAYSTATE MEDICAL CENTER,SPRINGFIELD,MASSACHUSETTS,48,48,Hosp
AUBURN UNIVERSITY AT AUBURN,AUBURN UNIVERSITY,ALABAMA,47.5,48,Higher Ed
CALIFORNIA STATE UNIVERSITY SAN MARCOS,SAN MARCOS,CALIFORNIA,48,48,Higher Ed
HAMPTON UNIVERSITY,HAMPTON,VIRGINIA,48,48,Higher Ed
HOWARD UNIVERSITY,WASHINGTON,DIST OF COL,48,48,Higher Ed
LOUISIANA STATE UNIV A&M COL BATON ROUGE,BATON ROUGE,LOUISIANA,48,48,Higher Ed
LOUISIANA TECH UNIVERSITY,RUSTON,LOUISIANA,48,48,Higher Ed
"OREGON SOCIAL LEARNING CENTER, INC.",EUGENE,OREGON,48,48,NP res inst
OAKLAND UNIVERSITY,ROCHESTER,MICHIGAN,48,48,Higher Ed
SYRACUSE UNIVERSITY,SYRACUSE,NEW YORK,47,48,Higher Ed
UNIVERSITY OF ALABAMA IN HUNTSVILLE,HUNTSVILLE,ALABAMA,48,48,Higher Ed
UNIVERSITY OF MARYLAND BALT CO CAMPUS,BALTIMORE,MARYLAND,48,48,Higher Ed
UNIVERSITY OF OKLAHOMA HLTH SCIENCES CTR,OKLAHOMA CITY,OKLAHOMA,48,48,Higher Ed
UNIVERSITY OF THE DISTRICT OF COLUMBIA,WASHINGTON,DIST OF COL,48,48,Higher Ed
WAKE FOREST UNIVERSITY HEALTH SCIENCES,WINSTON-SALEM,NORTH CAROLINA,48,48,Higher Ed
WEST VIRGINIA UNIVERSITY,MORGANTOWN,WEST VIRGINIA,48,48,Higher Ed
GEORGIA STATE UNIVERSITY,ATLANTA,GEORGIA,44.5,47.5,Higher Ed
PRAIRIE VIEW AGRI & MECH UNIVERSITY,PRAIRIE VIEW,TEXAS,46,47.5,Higher Ed
SOUTHERN ILLINOIS UNIVERSITY CARBONDALE,CARBONDALE,ILLINOIS,47.5,47.5,Higher Ed
UNIVERSITY OF ARKANSAS AT LITTLE ROCK,LITTLE ROCK,ARKANSAS,47,47.5,Higher Ed
UNIVERSITY OF TOLEDO,TOLEDO,OHIO,46,47.5,Higher Ed
KENT STATE UNIVERSITY AT KENT,KENT,OHIO,47.2,47.2,Higher Ed
ALLEGHENY-SINGER RESEARCH INSTITUTE,PITTSBURGH,PENNSYLVANIA,47,47,NP res inst
CHILDREN'S HOSP PITTSBURGH/UPMC HLTH SYS,PITTSBURGH,PENNSYLVANIA,47,47,Hosp
LURIE CHILDREN'S HOSPITAL OF CHICAGO,CHICAGO,ILLINOIS,47,47,Hosp
EAST CAROLINA UNIVERSITY,GREENVILLE,NORTH CAROLINA,44.5,47,Higher Ed
GRAMBLING STATE UNIVERSITY,GRAMBLING,LOUISIANA,47,47,Higher Ed
JAMES MADISON UNIVERSITY,HARRISONBURG,VIRGINIA,47,47,Higher Ed
NORTHERN ILLINOIS UNIVERSITY,DE KALB,ILLINOIS,47,47,Higher Ed
SACRED HEART MEDICAL CENTER,SPOKANE,WASHINGTON,47,47,Hosp
S. U. N. Y. COLLEGE AT BUFFALO ,BUFFALO,NEW YORK,47,47,Higher Ed
SOUTHERN METHODIST UNIVERSITY,DALLAS,TEXAS,46.5,47,Higher Ed
TUSKEGEE UNIVERSITY,TUSKEGEE,ALABAMA,47,47,Higher Ed
UNIVERSITY OF ALABAMA IN TUSCALOOSA,TUSCALOOSA,ALABAMA,46,47,Higher Ed
UNIVERSITY OF NEW HAMPSHIRE,DURHAM,NEW HAMPSHIRE,46.5,47,Higher Ed
UNIVERSITY OF NORTH TEXAS,DENTON,TEXAS,47,47,Higher Ed
UNIVERSITY OF TEXAS DALLAS,RICHARDSON,TEXAS,47,47,Higher Ed
UNIVERSITY OF TEXAS SAN ANTONIO,SAN ANTONIO,TEXAS,47,47,Higher Ed
UNIVERSITY OF WISCONSIN WHITEWATER,WHITEWATER,WISCONSIN,46,47,Higher Ed
NATIONAL CHILDHOOD CANCER FOUNDATION,ARCADIA,CALIFORNIA,46.9,46.9,NP res inst
"FRIENDS RESEARCH INSTITUTE, INC.",BALTIMORE,MARYLAND,46.7,46.7,NP res inst
MONELL CHEMICAL SENSES CENTER,PHILADELPHIA,PENNSYLVANIA,46.7,46.7,NP res inst
DE PAUL UNIVERSITY,CHICAGO,ILLINOIS,46.5,46.5,Higher Ed
EASTERN VIRGINIA MEDICAL SCHOOL,NORFOLK,VIRGINIA,46.5,46.5,Higher Ed
UNIVERSITY OF ALABAMA AT BIRMINGHAM,BIRMINGHAM,ALABAMA,46.5,46.5,Higher Ed
UNIVERSITY OF SOUTHERN MISSISSIPPI,HATTIESBURG,MISSISSIPPI,46.5,46.5,Higher Ed
ROSE-HULMAN INSTITUTE OF TECHNOLOGY,TERRE HAUTE,INDIANA,46.3,46.3,Higher Ed
CENTER FOR APPLIED LINGUISTICS,WASHINGTON,DIST OF COL,46,46,NP res inst
DELAWARE STATE UNIVERSITY,DOVER,DELAWARE,46,46,Higher Ed
EAST TENNESSEE STATE UNIVERSITY,JOHNSON CITY,TENNESSEE,46,46,Higher Ed
FLORIDA AGRICULTURAL AND MECHANICAL UNIV,TALLAHASSEE,FLORIDA,46,46,Higher Ed
MIRIAM HOSPITAL,PROVIDENCE,RHODE ISLAND,46,46,Hosp
TEXAS A&M UNIVERSITY,COLLEGE STATION,TEXAS,46.5,46,Higher Ed
TEXAS A&M UNIVERSITY HEALTH SCIENCE CTR,COLLEGE STATION,TEXAS,46.5,46,Higher Ed
TEXAS A&M UNIVERSITY SYSTEM,COLLEGE STATION,TEXAS,46.5,46,Higher Ed
TEXAS AGRILIFE RESEARCH,COLLEGE STATION,TEXAS,46.5,46,Higher Ed
TEXAS ENGINEERING EXPERIMENT STATION,COLLEGE STATION,TEXAS,46.5,46,Higher Ed
WESTERN UNIVERSITY OF HEALTH SCIENCES,POMONA,CALIFORNIA,49,46,Higher Ed
WICHITA STATE UNIVERSITY,WICHITA,KANSAS,46,46,Higher Ed
WRIGHT STATE UNIVERSITY,DAYTON,OHIO,46,46,Higher Ed
CLEVELAND STATE UNIVERSITY,CLEVELAND,OHIO,42,45.5,Higher Ed
MEHARRY MEDICAL COLLEGE,NASHVILLE,TENNESSEE,46,45.5,Higher Ed
MONTGOMERY COLLEGE,ROCKVILLE,MARYLAND,45.5,45.5,Higher Ed
PORTLAND STATE UNIVERSITY,PORTLAND,OREGON,46,45.5,Higher Ed
UNIVERSITY OF NORTH CAROLINA WILMINGTON,WILMINGTON,NORTH CAROLINA,45.5,45.5,Higher Ed
UNIVERSITY OF IDAHO,MOSCOW,IDAHO,45.2,45.3,Higher Ed
MARSHALL UNIVERSITY,HUNTINGTON,WEST VIRGINIA,42,45.1,Higher Ed
ALABAMA STATE UNIVERSITY,MONTGOMERY,ALABAMA,45,45,Higher Ed
ALLAN HANCOCK COLLEGE,SANTA MARIA,CALIFORNIA,45,45,Higher Ed
BASTYR UNIVERSITY,KENMORE,WASHINGTON,42,45,Higher Ed
CALIFORNIA STATE POLY U POMONA,POMONA,CALIFORNIA,45,45,Higher Ed
CALIFORNIA STATE UNIVERSITY LOS ANGELES,LOS ANGELES,CALIFORNIA,45,45,Higher Ed
CALIFORNIA STATE UNIVERSITY NORTHRIDGE,NORTHRIDGE,CALIFORNIA,45,45,Higher Ed
CHAMINADE UNIVERSITY OF HONOLULU,HONOLULU,HAWAII,45,45,Higher Ed
CHICAGO STATE UNIVERSITY,CHICAGO,ILLINOIS,45,45,Higher Ed
CHRISTIAN BROTHERS UNIVERSITY,MEMPHIS,TENNESSEE,45,45,Higher Ed
DILLARD UNIVERSITY,NEW ORLEANS,LOUISIANA,45,45,Higher Ed
DOMINICAN UNIVERSITY,SAN RAFAEL,CALIFORNIA,45,45,Higher Ed
FLORIDA INSTITUTE OF TECHNOLOGY,MELBOURNE,FLORIDA,45,45,Higher Ed
FLORIDA INTERNATIONAL UNIVERSITY,MIAMI,FLORIDA,45,45,Higher Ed
LEWIS AND CLARK COLLEGE,PORTLAND,OREGON,45,45,Higher Ed
LOUISIANA STATE UNIV-UNIV OF NEW ORLEANS,NEW ORLEANS,LOUISIANA,45,45,Higher Ed
ROOSEVELT UNIVERSITY,CHICAGO,ILLINOIS,No Rate,45,Higher Ed
SOUTH DAKOTA STATE UNIVERSITY,BROOKINGS,SOUTH DAKOTA,45,45,Higher Ed
TOWSON UNIVERSITY,TOWSON,MARYLAND,45,45,Higher Ed
UNIVERSITY OF BRITISH COLUMBIA,VANCOUVER,CANADA,45,45,Higher Ed
UNIVERSITY OF CENTRAL FLORIDA,ORLANDO,FLORIDA,45,45,Higher Ed
UNIVERSITY OF NORTH TEXAS HLTH SCI CTR,FORT WORTH,TEXAS,45,45,Higher Ed
UNIVERSITY OF OREGON,EUGENE,OREGON,42,45,Higher Ed
UNIVERSITY OF SOUTH CAROLINA AT COLUMBIA,COLUMBIA,SOUTH CAROLINA,45,45,Higher Ed
CALIFORNIA STATE UNIVERSITY LONG BEACH,LONG BEACH,CALIFORNIA,44.5,44.5,Higher Ed
CREIGHTON UNIVERSITY,OMAHA,NEBRASKA,44.5,44.5,Higher Ed
MISSISSIPPI STATE UNIVERSITY,MISSISSIPPI STATE,MISSISSIPPI,44.5,44.5,Higher Ed
ROCHESTER INSTITUTE OF TECHNOLOGY,ROCHESTER,NEW YORK,44.5,44.5,Higher Ed
SOUTHERN ILLINOIS UNIV AT EDWARDSVILLE,EDWARDSVILLE,ILLINOIS,44.5,44.5,Higher Ed
UNIVERSITY OF SOUTH DAKOTA,VERMILLION,SOUTH DAKOTA,44,44.5,Higher Ed
CAROLINAS MEDICAL CENTER,CHARLOTTE,NORTH CAROLINA,44,44,Hosp
"CENTER FOR RESEARCH TO PRACTICE, INC.",EUGENE,OREGON,44,44,NP res inst
ILLINOIS STATE UNIVERSITY,NORMAL,ILLINOIS,44,44,Higher Ed
LOUISIANA STATE UNIV-UNIV OF NEW ORLEANS,NEW ORLEANS,LOUISIANA,44,44,Higher Ed
LOUISIANA STATE UNIV HSC SHREVEPORT,SHREVEPORT,LOUISIANA,44,44,Higher Ed
LSU PENNINGTON BIOMEDICAL RESEARCH CTR,BATON ROUGE,LOUISIANA,44,44,Higher Ed
MONTANA STATE UNIVERSITY - BOZEMAN,BOZEMAN,MONTANA,42.5,44,Higher Ed
ST. NORBERT COLLEGE,DE PERE,WISCONSIN,44,44,Higher Ed
UNIVERSITY OF ARKANSAS AT FAYETTEVILLE,FAYETTEVILLE,ARKANSAS,44,44,Higher Ed
UNIVERSITY OF MISSISSIPPI,UNIVERSITY,MISSISSIPPI,43,44,Higher Ed
UNIVERSITY OF NEVADA LAS VEGAS,LAS VEGAS,NEVADA,44,44,Higher Ed
UNIVERSITY OF TEXAS-PAN AMERICAN,EDINBURG,TEXAS,44,44,Higher Ed
WINSTON-SALEM STATE UNIVERSITY,WINSTON-SALEM,NORTH CAROLINA,43.7,43.7,Higher Ed
WEST CHESTER UNIVERSITY OF PENNSYLVANIA,WEST CHESTER,PENNSYLVANIA,43.6,43.6,Higher Ed
A.T. STILL UNIVERSITY OF HEALTH SCIENCES,KIRKSVILLE,MISSOURI,43.5,43.5,Higher Ed
UNIVERSITY OF NEVADA RENO,RENO,NEVADA,43.5,43.5,Higher Ed
UNIVERSITY OF NORTH CAROLINA GREENSBORO,GREENSBORO,NORTH CAROLINA,43.5,43.5,Higher Ed
UNIVERSITY OF NORTH FLORIDA,JACKSONVILLE,FLORIDA,43.5,43.5,Higher Ed
SAN JOSE STATE UNIVERSITY,SAN JOSE,CALIFORNIA,43.4,43.4,Higher Ed
AMERICAN UNIVERSITY,WASHINGTON,DIST OF COL,43,43,Higher Ed
CALIFORNIA STATE UNIV SAN BERNARDINO,SAN BERNARDINO,CALIFORNIA,43,43,Higher Ed
CENTRAL MICHIGAN UNIVERSITY,MOUNT PLEASANT,MICHIGAN,43,43,Higher Ed
"CENTRAL STATE UNIV (WILBERFORCE, OH)",WILBERFORCE,OHIO,43,43,Higher Ed
FERRIS STATE UNIVERSITY,BIG RAPIDS,MICHIGAN,43,43,Higher Ed
"IHC HEALTH SERVICES, INC.",SALT LAKE CITY,UTAH,43,43,NP res inst
LOYOLA UNIVERSITY OF CHICAGO,CHICAGO,ILLINOIS,41.5,43,Higher Ed
UNIVERSITY OF LOUISIANA AT LAFAYETTE,LAFAYETTE,LOUISIANA,43,43,Higher Ed
UNIVERSITY OF NEBRASKA OMAHA,OMAHA,NEBRASKA,41,43,Higher Ed
UNIVERSITY OF TEXAS HLTH CTR AT TYLER,TYLER,TEXAS,41,43,Higher Ed
UNIVERSITY OF MAINE ORONO,BANGOR,MAINE,42.8,42.8,Higher Ed
TEXAS WOMAN'S UNIVERSITY,DENTON,TEXAS,56.1,42.7,Higher Ed
NORTH CAROLINA AGRI & TECH ST UNIV,GREENSBORO,NORTH CAROLINA,42.5,42.5,Higher Ed
UNIVERSITY OF THE SCIENCES PHILADELPHIA,PHILADELPHIA,PENNSYLVANIA,42.5,42.5,Higher Ed
CALIFORNIA STATE UNIV-DOMINGUEZ HILLS,CARSON,CALIFORNIA,42,42,Higher Ed
DOWLING COLLEGE,OAKDALE,NEW YORK,42,42,Higher Ed
LOUISIANA STATE UNIV AGRICULTURAL CENTER,BATON ROUGE,LOUISIANA,42,42,Higher Ed
MIAMI UNIVERSITY OXFORD,OXFORD,OHIO,42,42,Higher Ed
MOREHOUSE COLLEGE,ATLANTA,GEORGIA,42,42,Higher Ed
TEL AVIV UNIVERSITY,TEL AVIV,ISRAEL,42,42,Higher Ed
UNIVERSITY OF HOUSTON-CLEAR LAKE,HOUSTON,TEXAS,42,42,Higher Ed
UNIVERSITY OF MONTANA,MISSOULA,MONTANA,42,42,Higher Ed
PALO ALTO MEDICAL FOUNDATION RES INST,PALO ALTO,CALIFORNIA,41.8,41.8,NP res inst
UNIVERSITY OF HOUSTON-DOWNTOWN,HOUSTON,TEXAS,50,41.6,Higher Ed
MOREHOUSE SCHOOL OF MEDICINE,ATLANTA,GEORGIA,41.5,41.5,Higher Ed
UNIVERSITY OF WYOMING,LARAMIE,WYOMING,41.5,41.5,Higher Ed
"CLARIAN HEALTH PARTNERS, INC.",INDIANAPOLIS,INDIANA,41,41,Hosp
CHARLES R. DREW UNIVERSITY OF MED & SCI,LOS ANGELES,CALIFORNIA,41,41,Higher Ed
COMMONWEALTH MEDICAL COLLEGE,SCRANTON,PENNSYLVANIA,41,41,Higher Ed
GRAND VALLEY STATE UNIVERSITY,Allendale,MICHIGAN,41,41,Higher Ed
"PALO ALTO INSTITUTE FOR RES & EDU, INC.",PALO ALTO,CALIFORNIA,41,41,NP res inst
UNIVERSITY OF MEMPHIS,MEMPHIS,TENNESSEE,41,41,Higher Ed
WAKE FOREST UNIVERSITY,WINSTON-SALEM,NORTH CAROLINA,41,41,Higher Ed
"BUTLER HOSPITAL (PROVIDENCE, RI)",PROVIDENCE,RHODE ISLAND,37.5,40.7,Hosp
"COLORADO CANCER RESEARCH PROGRAM, INC.",DENVER,COLORADO,40.3,40.3,NP res inst
BALL STATE UNIVERSITY,MUNCIE,INDIANA,40,40,Higher Ed
NORTH CAROLINA CENTRAL UNIVERSITY,DURHAM,NORTH CAROLINA,40,40,Higher Ed
RADFORD UNIVERSITY,RADFORD,VIRGINIA,39.5,39.5,Higher Ed
VETERANS MEDICAL RESEARCH FDN/SAN DIEGO,SAN DIEGO,CALIFORNIA,39.2,39.2,NP res inst
CALIFORNIA STATE UNIVERSITY FULLERTON,FULLERTON,CALIFORNIA,39.1,39.1,Higher Ed
BOISE STATE UNIVERSITY,BOISE,IDAHO,39,39,Higher Ed
BOWLING GREEN STATE UNIVERSITY,BOWLING GREEN,OHIO,39,39,Higher Ed
CALIFORNIA POLY STATE U SAN LUIS OBISPO,SAN LUIS OBISPO,CALIFORNIA,38,39,Higher Ed
EAST CENTRAL UNIVERSITY,ADA,OKLAHOMA,39,39,Higher Ed
KENNESAW STATE UNIVERSITY,KENNESAW,GEORGIA,39,39,Higher Ed
MOUNT ST. MARY'S COLLEGE,LOS ANGELES,CALIFORNIA,39,39,Higher Ed
TEXAS A&M INTERNATIONAL UNIVERSITY,LAREDO,TEXAS,52,39,Higher Ed
UNIVERSITY OF WESTERN STATES,PORTLAND,OREGON,35,39,Higher Ed
CALIFORNIA STATE UNIVERSITY FRESNO,FRESNO,CALIFORNIA,38.4,38.4,Higher Ed
UNIVERSITY OF CALGARY,CALGARY,CANADA,38.3,38.3,Higher Ed
AMERICAN ACADEMY OF PEDIATRICS,ELK GROVE VILLAGE,ILLINOIS,38,38,NP res inst
ALCORN STATE UNIVERSITY,ALCORN STATE,MISSISSIPPI,35,38,Higher Ed
CALIFORNIA STATE UNIVERSITY SACRAMENTO,SACRAMENTO,CALIFORNIA,38,38,Higher Ed
CONNECTICUT COLLEGE,NEW LONDON,CONNECTICUT,38,38,Higher Ed
FORT LEWIS COLLEGE,DURANGO,COLORADO,38,38,Higher Ed
LITTLE BIG HORN COLLEGE,CROW AGENCY,MONTANA,38,38,Higher Ed
LOYOLA MARYMOUNT UNIVERSITY,LOS ANGELES,CALIFORNIA,38,38,Higher Ed
SUMMA HEALTH SYSTEM,AKRON,OHIO,38,38,NP res inst
TENNESSEE STATE UNIVERSITY,NASHVILLE,TENNESSEE,38,38,Higher Ed
TEXAS A&M UNIVERSITY-KINGSVILLE,KINGSVILLE,TEXAS,52,38,Higher Ed
UNIVERSITY OF WEST GEORGIA,CARROLLTON,GEORGIA,37.5,37.5,Higher Ed
UNIVERSITY OF SOUTH CAROLINA,COLUMBIA,SOUTH CAROLINA,37,37,Higher Ed
UNIVERSITY OF HAWAII AT MANOA,HONOLULU,HAWAII,36.7,36.7,Higher Ed
BAYLOR UNIVERSITY,WACO,TEXAS,37,36.5,Higher Ed
NEMOURS CHILDREN'S CLINIC,JACKSONVILLE,FLORIDA,35.5,36.5,NP res inst
BETH ISRAEL MEDICAL CTR (NEW YORK),NEWARK,NEW JERSEY,36.4,36.4,Hosp
NORTHERN MICHIGAN UNIVERSITY,MARQUETTE,MICHIGAN,37,36,Higher Ed
SAINT THOMAS UNIVERSITY,MIAMI,FLORIDA,36,36,Higher Ed
TEXAS A&M UNIVERSITY-CORPUS CHRISTI,COMMERCE,TEXAS,52,36,Higher Ed
NORTHWEST PORTLAND AREA INDIAN HLTH BD,PORTLAND,OREGON,35.9,35.9,NP res inst
UNIVERSITY OF NORTHERN COLORADO,GREELEY,COLORADO,35.6,35.6,Higher Ed
ALCORN STATE UNIVERSITY,ALCORN STATE,MISSISSIPPI,35.5,35.5,Higher Ed
DENVER HEALTH AND HOSPITAL AUTHORITY,DENVER,COLORADO,35.5,35.5,NP res inst
SANTA CLARA UNIVERSITY,SANTA CLARA,CALIFORNIA,35.5,35.5,Higher Ed
SULLIVAN ALLIANCE/TRANSFORM/HLTH/PROFESS,WASHINGTON,DIST OF COL,35.5,35.5,NP res inst
PARK NICOLLET INSTITUTE,MINNEAPOLIS,MINNESOTA,35.3,35.3,NP res inst
WESTERN INTERSTATE COMMISSION HIGHER ED,BOULDER,COLORADO,35.1,35.1,NP res inst
AZUSA PACIFIC UNIVERSITY,AZUSA,CALIFORNIA,35,35,Higher Ed
BALDWIN-WALLACE COLLEGE,BEREA,OHIO,35,35,Higher Ed
INTERNATIONAL ASSOCIATION FIRE FIGHTERS,WASHINGTON,DIST OF COL,35,35,NP res inst
NEW HANOVER REGIONAL MEDICAL CENTER,WILMINGTON,NORTH CAROLINA,35,35,Hosp
NORTHERN KENTUCKY UNIVERSITY,HIGHLAND HEIGHTS,KENTUCKY,35,35,Higher Ed
SEATTLE INST FOR BIOMEDICAL/CLINICAL RES,SEATTLE,WASHINGTON,35,35,NP res inst
"SOUTHERN UNIVERSITY AT SHREVEPORT, LA",SHREVEPORT,LOUISIANA,35,35,Higher Ed
HAMLINE UNIVERSITY,ST. PAUL,MINNESOTA,34,34,Higher Ed
WARREN CANCER RESEARCH FOUNDATION,TULSA,OKLAHOMA,34,34,NP res inst
SOUTHERN CALIFORNIA INST FOR RES/EDUC,LONG BEACH,CALIFORNIA,33.3,33.3,NP res inst
COLLEGE OF ST SCHOLASTICA,DULUTH,MINNESOTA,32.8,33.2,Higher Ed
"CHESTNUT HEALTH SYSTEMS, INC.",BLOOMINGTON,ILLINOIS,33.1,33.1,NP res inst
SINGING RIVER HEALTH SYSTEM,PASCAGOULA,MISSISSIPPI,33,33,Hosp
RAPID CITY REGIONAL HOSPITAL,RAPID CITY,SOUTH DAKOTA,32.8,32.8,Hosp
CLAREMONT GRADUATE UNIVERSITY,CLAREMONT,CALIFORNIA,32.3,32.3,Higher Ed
TACOMA GENERAL HOSPITAL,TACOMA,WASHINGTON,23.6,32.1,Hosp
METROPOLITAN STATE COLLEGE OF DENVER,DENVER,COLORADO,33,32,Higher Ed
SPARTANBURG REGIONAL MEDICAL CENTER,SPARTANBURG,SOUTH CAROLINA,32,32,Hosp
APPALACHIAN STATE UNIVERSITY,BOONE,NORTH CAROLINA,31.9,31.9,Higher Ed
UNIVERSITY OF WATERLOO,WATERLOO,CANADA,31.9,31.9,Higher Ed
WHITTEMORE PETERSON INSTITUTE,Reno,NEVADA,31.8,31.8,NP res inst
BOYCE THOMPSON INST FOR PLANT RESEARCH,ITHACA,NEW YORK,24.7,31.5,NP res inst
SAM HOUSTON STATE UNIVERSITY,HUNTSVILLE,TEXAS,31.5,31.5,Higher Ed
UNIVERSITY OF LA VERNE,LA VERNE,CALIFORNIA,44,31.5,Higher Ed
GEORGIA SOUTHERN UNIVERSITY,STATESBORO,GEORGIA,31,31,Higher Ed
LAHEY CLINIC,BURLINGTON,MASSACHUSETTS,31,31,Hosp
NAT'L COALITION/HLTH PROFESS ED/GENETICS,LUTHERVILLE,MARYLAND,31,31,NP res inst
TEXAS A&M UNIVERSITY-CORPUS CHRISTI,CORPUS CHRISTI,TEXAS,31,31,Higher Ed
"BRONX-LEBANON HOSP CTR (BRONX, NY)",NEW YORK,NEW YORK,30.6,30.6,Hosp
EMMA PENDLETON BRADLEY HOSPITAL,EAST PROVIDENCE,RHODE ISLAND,30.6,30.6,Hosp
ARBOR RESEARCH COLLABORATIVE FOR  HEALTH,ANN ARBOR,MICHIGAN,30.3,30.3,NP res inst
HEKTOEN INSTITUTE FOR MEDICAL RESEARCH,CHICAGO,ILLINOIS,30.3,30.3,NP res inst
SEPULVEDA RESEARCH CORPORATION,SEPULVEDA,CALIFORNIA,30.1,30.1,NP res inst
FLORIDA ASSN OF PEDIATRIC TUMOR PROG,TAMPA,FLORIDA,30,30,NP res inst
DRAKE UNIVERSITY,DES MOINES,IOWA,30,30,Higher Ed
EASTERN KENTUCKY UNIVERSITY,RICHMOND,KENTUCKY,30,30,Higher Ed
PANGAEA GLOBAL AIDS FOUNDATION,OAKLAND,CALIFORNIA,30,30,NP res inst
SHEPPARD AND ENOCH PRATT HOSPITAL,BALTIMORE,MARYLAND,30,30,Hosp
SOUTH CAROLINA STATE UNIVERSITY,ORANGEBURG,SOUTH CAROLINA,30,30,Higher Ed
CHINESE COMMUNITY HEALTH RESOURCE CENTER,SAN FRANCISCO,CALIFORNIA,29.8,29.8,NP res inst
PHOENIX CHILDREN'S HOSPITAL,PHOENIX,ARIZONA,55,29.8,Hosp
MIDDLE TENNESSEE STATE UNIVERSITY,MURFREESBORO,TENNESSEE,29,29,Higher Ed
TOUGALOO COLLEGE,TOUGALOO,MISSISSIPPI,29,29,Higher Ed
AMERICAN ACADEMY OF ORTHOPAEDIC SURGEONS,ROSEMONT,ILLINOIS,New,28.4,NP res inst
"COLLABORATIVE DRUG DISCOVERY, INC.",Ann Arbor,CALIFORNIA,28.3,28.3,Other
GUNDERSEN LUTHERAN MEDICAL FOUNDATION,LA CROSSE,WISCONSIN,28,28,NP res inst
"PHOENIX BIOSYSTEM, INC.",Columbia,CALIFORNIA,28,28,Other
"AURORA HEALTH CARE, INC.",MILWAUKEE,WISCONSIN,27,27,NP res inst
CARL T. HAYDEN MEDICAL RESEARCH FDN,PHOENIX,ARIZONA,26.3,26.3,NP res inst
INTERNATIONAL BREAST CANCER RESEARCH FDN,MADISON,WISCONSIN,26.2,26.2,NP res inst
HOUSTON ACADEMY OF MED-TEXAS MED CTR LIB,,TEXAS,26,26,Other
DAVIDSON COLLEGE,DAVIDSON,NORTH CAROLINA,25.1,25.1,Higher Ed
AMERICAN COLLEGE OF RHEUMATOLOGY,ATLANTA,GEORGIA,New,25,NP res inst
MIDWEST BIOMEDICAL RESEARCH FOUNDATION,KANSAS CITY,MISSOURI,27.8,25,NP res inst
BRENTWOOD BIOMEDICAL RESEARCH INSTITUTE,LOS ANGELES,CALIFORNIA,24.4,24.4,NP res inst
MOREHEAD STATE UNIVERSITY,MOREHEAD,KENTUCKY,24,24,Higher Ed
SALISH KOOTENAI COLLEGE,PABLO,MONTANA,24,24,Higher Ed
AMERICAN SOCIETY FOR CELL BIOLOGY,BETHESDA,MARYLAND,23.75,23.8,NP res inst
AMERICAN SOCIETY FOR CELL BIOLOGY,BETHESDA,MARYLAND,23.75,23.75,NP res inst
SOUTH CAROLINA HIV/AIDS COUNCIL,COLUMBIA,SOUTH CAROLINA,23,23,NP res inst
CHICAGO ASSN FOR RESEARCH & EDUC IN SCI,HINES,ILLINOIS,22.5,22.5,NP res inst
OLIVE VIEW-UCLA EDUCATION AND RES INST,,CALIFORNIA,21,21,Other
"AMERICAN CANCER SOCIETY, INC.",ATLANTA,GEORGIA,20.5,20.5,NP res inst
SEQUOIA FOUNDATION,LA JOLLA,CALIFORNIA,20.1,20.1,NP res inst
NATIONAL PARTNERSHIP/ENVIRONMNTL/TECH/ED,SOUTH PORTLAND,MAINE,,20,NP res inst
HASKELL INDIAN NATIONS UNIVERSITY,LAWRENCE,KANSAS,19.9,19.9,Higher Ed
AMERICAN SOCIETY FOR MICROBIOLOGY,WASHINGTON,DIST OF COL,18,18,NP res inst
"ALBANY RESEARCH INSTITUTE, INC.",ALBANY,NEW YORK,22,17.9,NP res inst
AMERICAN PHYSIOLOGICAL SOCIETY,BETHESDA,MARYLAND,17.5,17.5,NP res inst
KRONOS LONGEVITY RESEARCH INSTITUTE,PHOENIX,ARIZONA,17.3,17.3,NP res inst
PUBLIC HEALTH INSTITUTE,OAKLAND,CALIFORNIA,16.3,16.5,NP res inst
MICHIGAN PUBLIC HEALTH INSTITUTE,OKEMOS,MICHIGAN,15.3,16.3,NP res inst
NATIVE AMERICAN CANCER RESEARCH,PINE,COLORADO,16.3,16.3,NP res inst
"NSABP FOUNDATION, INC.",PITTSBURGH,PENNSYLVANIA,16.2,16.2,NP res inst
SEIU EDUCATION AND SUPPORT FUND,WASHINGTON,DIST OF COL,16,16,NP res inst
AERAS GLOBAL TB VACCINE FOUNDATION,ROCKVILLE,MARYLAND,15,15,NP res inst
"PROVIDENCE HOSPITAL (MOBILE, AL)",MOBILE,ALABAMA,15,15,Hosp
MASSACHUSETTS STATE DEPT OF PUB HEALTH,BOSTON,MASSACHUSETTS,14.8,13.8,NP res inst
"MOUNTAIN STATES GROUP, INC.",BOISE,IDAHO,12.7,12.7,NP res inst
"NEIGHBORHOOD HOUSE, INC.",SEATTLE,WASHINGTON,11.3,11.2,NP res inst
OREGON LAW CENTER,PORTLAND,OREGON,New,10.2,NP res inst
GYNECOLOGIC ONCOLOGY GROUP,CROFTON,MARYLAND,9,9,NP res inst
PUBLIC HEALTH FOUNDATION ENTERPRISES,CITY OF INDUSTRY,CALIFORNIA,9,9,NP res inst
GUTTMACHER INSTITUTE,NEW YORK,NEW YORK,,,NP res inst
YESHIVA UNIVERSITY,BRONX,NEW YORK,,,Higher Ed
CTR FOR MOLECULAR MEDICINE/IMMUNOLOGY,BELLEVILLE,NEW JERSEY,,,NP res inst
"ECOHEALTH ALLIANCE, INC.",NEW YORK,NEW YORK,44.1,,NP res inst
FENWAY COMMUNITY HEALTH CENTER,BOSTON,MASSACHUSETTS,69.2,,NP res inst
FOUNDATION FOR AIDS RESEARCH,NEW YORK,NEW YORK,32.7,,NP res inst
FOUNDATION FOR BLOOD RESEARCH,SCARBOROUGH,MAINE,48.5,,NP res inst
"FRONTIER SCI & TECHNOLOGY RSCH FDN, INC",BOSTON,MASSACHUSETTS,30.5,,NP res inst
EL PASO COMMUNITY COLLEGE,EL PASO,TEXAS,40,,Higher Ed
"IMMUNE DISEASE INSTITUTE, INC.",BOSTON,MASSACHUSETTS,,,NP res inst
JUDGE BAKER CHILDREN'S CENTER,BOSTON,MASSACHUSETTS,,,NP res inst
"KESSLER FOUNDATION, INC.",WEST ORANGE,NEW JERSEY,,,NP res inst
LAWRENCE UNIVERSITY,APPLETON,WISCONSIN,60,,Higher Ed
MISSOURI BAPTIST MEDICAL CENTER,ST. LOUIS,MISSOURI,32.5,,Hosp
MONTREAL HEART INSTITUTE,MONTREAL,CANADA,53,,NP res inst
MOUNT DESERT ISLAND BIOLOGICAL LAB,Salisbury Cove,MAINE,,,NP res inst
NATIONAL BUREAU OF ECONOMIC RESEARCH,CAMBRIDGE,MASSACHUSETTS,52,,NP res inst
NATIONAL DEVELOPMENT & RES INSTITUTES,NEW YORK,NEW YORK,53.5,,NP res inst
NEW YORK-PRESBYTERIAN HOSPITAL,NEW YORK,NEW YORK,73,,Hosp
ONTARIO INSTITUTE FOR CANCER RESEARCH,TORONTO,CANADA,,,NP res inst
"ORDWAY RESEARCH INSTITUTE, INC.",ALBANY,NEW YORK,,,NP res inst
POPULATION COUNCIL,NEW YORK,NEW YORK,,,NP res inst
PUBLIC HEALTH SOLUTIONS,NEW YORK,NEW YORK,,,NP res inst
SLOAN-KETTERING INST CAN RES,NEW YORK,NEW YORK,71.3,,NP res inst
ST. LUKE'S-ROOSEVELT INST FOR HLTH SCIS,NEW YORK,NEW YORK,,,NP res inst
STEWARD RESEARCH/SPECIALTY PROJECTS CORP,BOSTON,MASSACHUSETTS,,,NP res inst
TEXAS TECH UNIVERSITY,LUBBOCK,TEXAS,47,,Higher Ed
UNIVERSITY HEALTH NETWORK,TORONTO,CANADA,51.8,,Hosp
UNIVERSITY OF SOUTHERN MAINE,PORTLAND,MAINE,,,Higher Ed
VETERANS BIOMEDICAL RESEARCH INSTITUTE,EAST ORANGE,NEW JERSEY,25.9,,NP res inst
WINIFRED MASTERSON BURKE MED RES INST,WHITE PLAINS,NEW YORK,,,NP res inst
